cluster 1,cluster 2,without special schools
1.333333333,0,34.1361055
1.538461538,0,38.70788145
1.666666667,0,42.48648023
2.56466379,1.5625,43.1869958
3.37962963,1.785714286,43.61238085
3.954081633,2.222222222,43.91586985
4.047619048,2.223102101,44.26623441
4.588929589,2.398989899,44.40755533
5.113636364,2.592592593,44.44692525
5.151515152,2.73875408,45.0315612
6.319444444,2.777777778,46.29997551
6.944444444,2.836538462,46.3945785
7.040816327,3.538461538,47.7281794
7.637732638,3.818181818,47.74468047
7.86996904,4.293636647,47.93085259
8.095238095,4.498936736,48.22446698
9.455782313,4.591503268,48.260044
9.518806548,4.768089054,48.80417872
10.26295133,4.938271605,48.98590397
10.48484848,5.255102041,48.98800354
10.55555556,6.10042735,49.20822879
10.67358567,6.197569703,49.61969109
10.80586081,6.198753873,50.39085528
10.85034014,6.324404762,50.59537339
11.48145333,6.644570707,50.72722121
11.66666667,6.666666667,50.78711505
13.01587302,7.31962482,51.47341796
13.78787879,7.426081544,51.69719225
13.93939394,7.454545455,51.85269129
13.94660895,7.5,51.85940301
14.15598291,7.596724263,51.90884455
14.2834596,7.638888889,51.95313555
15.46468829,7.714285714,52.19363262
16.00890964,8.814333814,52.23320289
16.05237154,9.285714286,52.25155009
16.37648066,9.433994846,52.34901975
16.55518395,9.523809524,52.35987312
16.59358289,9.686317509,52.36641532
18.17442974,10.41666667,52.37967174
18.60772768,10.43448121,52.40283997
19.39102564,10.72562358,52.52627444
23.90473361,10.79907747,52.53438097
24.52876984,11.08663162,52.93219353
25.70861678,11.47186147,52.97175593
27.3015873,11.47306397,53.09732474
29.81684982,11.99790148,53.24497068
31.18725719,13.23043185,53.34469905
34.57625099,13.8548951,53.43803649
36.56188202,14.11210317,53.44676505
38.82348185,14.37340418,53.64816406
39.18776662,14.6043771,53.66946288
40.19004043,14.72676671,53.705201
40.64602885,15.13671786,53.73769306
40.74211778,15.52315664,53.76760858
40.90697322,15.67314426,53.92719135
41.82120254,16.05519481,53.98029553
41.89333657,16.83551198,54.16320342
41.9064298,16.88311688,54.18641197
41.91326162,17.5511063,54.20317232
42.41544505,18.19047619,54.26495952
43.0513468,19.34515777,54.3206294
43.0530543,19.91444075,54.42963027
43.14097099,20.46396958,54.43864468
43.28156491,20.76530612,54.44883495
43.53695839,21,54.53155311
43.64097566,21.5157174,54.6138594
43.78598927,21.6971917,54.63063612
43.82221952,22.01379517,54.73364733
44.09708801,22.214809,54.89218788
44.18033309,22.47164385,54.94333457
44.58001205,23.01476812,54.99136312
44.91918998,24.32252932,55.11175772
45.12799788,24.56349206,55.14700108
45.27586996,24.91496599,55.30453509
45.48260595,26.09347542,55.30637959
45.91922362,26.94140282,55.30908263
46.06216598,27.58367994,55.33791806
46.0964522,29.64762336,55.40746952
46.29975641,30.79951639,55.55728173
46.71820685,31.87229437,55.84706905
46.7214546,32.08874459,56.10218325
47.16175726,33.54462997,56.11379217
47.22449597,34.1361055,56.31848974
47.45502815,36.84807256,56.40714731
47.47438824,37.26325758,56.40785128
47.85858547,37.59920635,56.41105266
47.945831,37.73809524,56.54067881
47.97659143,38.70788145,56.59961311
48.16428773,42.48648023,56.86383541
48.22427525,43.1869958,56.97104015
48.23741714,43.61238085,56.98671562
48.24776814,43.6342695,57.07481977
48.36034452,43.91586985,57.09051167
48.40628296,44.22222222,57.09827872
48.5565934,44.26623441,57.11232435
48.70795428,44.40755533,57.21547394
48.75031235,44.44692525,57.2598131
48.86262704,45.0315612,57.28400903
48.97319685,45.23791718,57.35819471
49.07602276,46.29997551,57.36486927
49.12680194,46.3945785,57.58956617
49.14920181,47.7281794,57.60328992
49.1711567,47.74468047,57.61792915
49.26417901,47.93085259,57.64556255
49.30436832,48.22446698,57.66544766
49.35053533,48.260044,57.73325634
49.51531863,48.80417872,57.74055223
49.79719847,48.98590397,57.74433232
50.04321696,48.98800354,57.74609546
50.05655418,49.20822879,57.75005836
50.37686262,49.61969109,57.94683532
50.428107,50.39085528,58.02309686
50.56241283,50.59537339,58.02827414
50.76039445,50.72722121,58.15681534
50.85214333,50.78711505,58.24514209
50.94738101,51.47341796,58.27691927
50.97216492,51.69719225,58.31841961
51.00540216,51.85269129,58.33769459
51.0717092,51.85940301,58.36109681
51.14945559,51.90884455,58.45241565
51.16252314,51.95313555,58.47660695
51.3541077,52.19363262,58.49028092
51.37222713,52.23320289,58.53224726
51.50410447,52.25155009,58.53839227
51.51778004,52.34901975,58.55862521
51.58665107,52.35987312,58.66739334
51.64815934,52.36641532,58.80234449
51.7875595,52.37967174,58.8322335
51.78906319,52.40283997,58.86872011
51.92637543,52.52627444,58.94571751
51.97551229,52.53438097,58.96050497
52.03256859,52.93219353,59.0536846
52.13139289,52.97175593,59.11885456
52.21514035,53.09732474,59.14288583
52.29152209,53.24497068,59.18596898
52.31597545,53.34469905,59.22038933
52.45710435,53.43803649,59.24778787
52.75898013,53.44676505,59.25848707
52.7748269,53.64816406,59.30920688
52.80480723,53.66946288,59.39684655
52.91746811,53.705201,59.46619413
52.94416984,53.73769306,59.47889041
53.02681802,53.76760858,59.50704489
53.04320147,53.92719135,59.50849628
53.05897774,53.98029553,59.59122851
53.13315439,54.16320342,59.60888181
53.24393161,54.18641197,59.70055659
53.31905583,54.20317232,59.70810347
53.34507652,54.26495952,59.76160591
53.34792817,54.3206294,59.7775
53.35043266,54.42963027,59.81381638
53.35921939,54.43864468,59.84919198
53.43229869,54.44883495,59.90872036
53.66295044,54.53155311,59.98670994
53.68462864,54.6138594,59.98921587
53.68880819,54.63063612,59.99613187
53.7207055,54.73364733,59.99800008
53.74118847,54.89218788,60.00103679
53.83326767,54.94333457,60.06682511
53.86470735,54.99136312,60.08969366
53.90614901,55.11175772,60.1389932
54.21042097,55.14700108,60.21719845
54.30930572,55.30453509,60.22630476
54.33751264,55.30637959,60.2365559
54.3503805,55.30908263,60.25938991
54.40350526,55.33791806,60.30321817
54.48582424,55.40746952,60.3106331
54.4969968,55.55728173,60.3736925
54.5681613,55.84706905,60.42637375
54.67113653,56.10218325,60.46248786
54.68011464,56.11379217,60.46683614
54.75915728,56.27172345,60.50327805
54.79163799,56.31848974,60.514627
54.94864264,56.40714731,60.795139
54.96234889,56.40785128,60.82564855
54.98031896,56.41105266,60.82614969
55.00090151,56.54067881,60.89940343
55.00546622,56.59961311,60.93009143
55.02825156,56.86383541,60.94703891
55.07463638,56.97104015,60.97040007
55.2046223,56.98671562,61.05239454
55.25941655,57.07481977,61.08843692
55.31176596,57.09051167,61.15875316
55.31952421,57.09827872,61.19199487
55.34905307,57.11232435,61.23156316
55.35510468,57.21547394,61.25388328
55.35693258,57.2598131,61.27024641
55.37801413,57.28400903,61.46025116
55.38831962,57.35819471,61.54293342
55.45001197,57.36486927,61.56118522
55.52161343,57.58956617,61.6015838
55.54201509,57.60328992,61.62183275
55.71498916,57.61792915,61.62194969
55.73028559,57.64556255,61.76917076
55.73596647,57.66544766,61.89779385
55.78515956,57.73325634,61.92850864
55.80248772,57.74055223,62.10380577
55.81491554,57.74433232,62.17040323
55.81663136,57.74609546,62.1876805
55.91062458,57.75005836,62.18813594
55.91626574,57.94683532,62.20993893
55.94428892,58.02309686,62.22223439
55.99360106,58.02827414,62.26677504
56.05791184,58.15681534,62.28469205
56.148248,58.24514209,62.28718362
56.16676867,58.27691927,62.28854623
56.21964675,58.31841961,62.31410836
56.2943238,58.33769459,62.31478606
56.3422967,58.36109681,62.34187021
56.34997273,58.45241565,62.37818342
56.35858552,58.47660695,62.40411877
56.38894691,58.49028092,62.5048886
56.48198301,58.53224726,62.51012194
56.48687038,58.53839227,62.51538459
56.49742309,58.55862521,62.64419094
56.52719989,58.66739334,62.64741371
56.54762987,58.80234449,62.65822357
56.55284956,58.8322335,62.66992805
56.60028277,58.86872011,62.72144298
56.61987899,58.94571751,62.74332758
56.68147927,58.96050497,62.77167058
56.72038355,59.0536846,62.82977841
56.80969197,59.11885456,62.84745578
56.80995456,59.14288583,62.8647372
56.83398137,59.18596898,62.87185295
56.85027033,59.22038933,62.95887731
56.86375562,59.24778787,62.96489626
56.95190083,59.25848707,63.0119718
57.10726122,59.30920688,63.02796942
57.31108294,59.39684655,63.10797652
57.35684911,59.46619413,63.1646427
57.42112998,59.47889041,63.18716699
57.5804591,59.50704489,63.20144939
57.63437545,59.50849628,63.27279392
57.64625965,59.59122851,63.30905121
57.68359597,59.60888181,63.3587149
57.84517049,59.70055659,63.39562009
57.86823661,59.70810347,63.41342501
57.94884694,59.76160591,63.42021401
57.94892007,59.7775,63.45135858
58.00934647,59.81381638,63.54153247
58.0269865,59.84919198,63.58044584
58.14483565,59.90872036,63.63711181
58.15340794,59.98670994,63.67116086
58.16174662,59.98921587,63.70436221
58.16776229,59.99613187,63.7251495
58.19320989,59.99800008,63.7264931
58.24013483,60.00103679,63.73127804
58.33549994,60.06682511,63.77699046
58.5071386,60.08969366,63.81592773
58.57063474,60.1389932,63.87586213
58.57910595,60.21719845,63.89610159
58.63634256,60.22630476,63.90024138
58.63849271,60.2365559,63.92515707
58.67446218,60.25938991,63.93955337
58.68288627,60.30321817,63.94072377
58.71468269,60.3106331,63.94596233
58.81397094,60.3736925,63.95892527
58.84822568,60.42637375,63.97752192
58.8605323,60.46248786,64.00297571
58.91951387,60.46683614,64.00440142
58.98013337,60.50327805,64.0079435
59.0118257,60.514627,64.06521972
59.05858479,60.795139,64.0740554
59.06464738,60.82564855,64.0899956
59.0931992,60.82614969,64.09842156
59.12410229,60.89940343,64.15188913
59.15055733,60.93009143,64.20606175
59.39965445,60.94703891,64.21904758
59.4315197,60.97040007,64.21922793
59.50085725,61.05239454,64.2199119
59.50623154,61.08843692,64.31776128
59.58095482,61.15875316,64.33555253
59.58799696,61.19199487,64.39083847
59.61383249,61.23156316,64.41761196
59.61387064,61.25388328,64.4180871
59.61563531,61.27024641,64.42679502
59.67386584,61.46025116,64.44112841
59.71425222,61.51556777,64.45013311
59.72216799,61.54293342,64.48537564
59.73640786,61.56118522,64.48772828
59.82483082,61.6015838,64.49611426
59.88365113,61.62183275,64.51216889
59.94245579,61.62194969,64.51290495
59.98701847,61.76917076,64.54052703
60.01856596,61.89779385,64.59961092
60.03540711,61.92850864,64.66181172
60.08508351,62.10380577,64.73185087
60.08756905,62.17040323,64.75219666
60.0972341,62.1876805,64.77236401
60.103672,62.18813594,64.79192817
60.1071933,62.20993893,64.82902265
60.1376013,62.22223439,64.82980755
60.14051131,62.26677504,64.83051567
60.14083434,62.28469205,64.85303858
60.21872683,62.28718362,64.86772453
60.22647038,62.28854623,64.92524567
60.25079784,62.31410836,65.03322302
60.2804331,62.31478606,65.12560403
60.29468975,62.34187021,65.18561553
60.35022852,62.37818342,65.22685301
60.35117992,62.40411877,65.28170701
60.36900459,62.5048886,65.2850408
60.41799587,62.51012194,65.29821399
60.46220195,62.51538459,65.31734016
60.47789782,62.64419094,65.32002378
60.48651624,62.64741371,65.36530156
60.4910358,62.65822357,65.38414139
60.50217357,62.66992805,65.38889768
60.54944087,62.72144298,65.39219466
60.57864621,62.74332758,65.40841501
60.58140434,62.77167058,65.48972943
60.60760004,62.82977841,65.4922214
60.6124599,62.84745578,65.56626494
60.62540939,62.8647372,65.6075152
60.64122294,62.87185295,65.71034886
60.68329596,62.95887731,65.72540493
60.68995859,62.96489626,65.73291773
60.72609482,63.0119718,65.74018675
60.73283567,63.02796942,65.89852931
60.75859781,63.10797652,65.92861583
60.78032815,63.1646427,65.98506329
60.81109672,63.18716699,65.99396354
60.8356646,63.20144939,66.1127127
60.88061843,63.27279392,66.12200647
60.90176285,63.30905121,66.14081359
60.90777446,63.3587149,66.145079
60.91242976,63.39562009,66.18858357
60.96648051,63.41342501,66.27457123
61.04722598,63.42021401,66.28547342
61.04827349,63.45135858,66.2869739
61.19304992,63.54153247,66.36414773
61.2384424,63.58044584,66.39390717
61.24390514,63.63711181,66.3974531
61.25555345,63.67116086,66.41601109
61.26723039,63.70436221,66.45897487
61.35218523,63.7251495,66.4703898
61.35673992,63.7264931,66.49751012
61.36258518,63.73127804,66.52459239
61.37539051,63.77699046,66.56234841
61.39227361,63.81592773,66.61887999
61.40537025,63.87586213,66.62426948
61.40992581,63.89610159,66.65584625
61.43275353,63.90024138,66.66342647
61.45492713,63.92515707,66.71265552
61.45554299,63.93955337,66.72064535
61.53695936,63.94072377,66.72601779
61.55752521,63.94596233,66.74252344
61.56730495,63.95892527,66.75264898
61.58483708,63.97752192,66.75835453
61.61668929,64.00297571,66.82930904
61.65453912,64.00440142,66.87036283
61.68048967,64.0079435,66.87123075
61.68659574,64.06521972,66.88774879
61.70343066,64.0740554,66.9005581
61.76056889,64.0899956,66.90373603
61.78548694,64.09842156,66.92912549
61.80103367,64.15188913,66.97308454
61.80852068,64.20606175,67.06044766
61.8114519,64.21904758,67.13953524
61.81449294,64.21922793,67.20128786
61.81905678,64.2199119,67.20885985
61.84879828,64.31776128,67.23220514
61.89566184,64.33555253,67.44989213
61.95537429,64.39083847,67.520458
62.00836886,64.41761196,67.6110803
62.01653785,64.4180871,67.62907515
62.07199827,64.42679502,67.66200978
62.10017662,64.44112841,67.66237776
62.11716692,64.45013311,67.67288617
62.13627244,64.48537564,67.76466549
62.18226421,64.48772828,67.85989862
62.1837797,64.49611426,67.92704432
62.23352809,64.51216889,67.93563078
62.26358814,64.51290495,67.97372851
62.27278837,64.54052703,67.98373958
62.28617401,64.59961092,68.02784275
62.31335672,64.66181172,68.03351137
62.35338695,64.73185087,68.11606323
62.3798822,64.75219666,68.17150473
62.46278964,64.77236401,68.20344357
62.48886843,64.79192817,68.21861708
62.4924651,64.82902265,68.264616
62.52000001,64.82980755,68.34731414
62.52831817,64.83051567,68.37375826
62.61242221,64.85303858,68.43061585
62.62434992,64.86772453,68.45265016
62.66480744,64.92524567,68.54910377
62.6709934,65.03322302,68.63161173
62.73505351,65.12560403,68.72311913
62.75921698,65.18561553,68.78588145
62.77127853,65.22685301,68.81659651
62.78593255,65.28170701,68.86444248
62.79393745,65.2850408,68.88463112
62.79621508,65.29821399,68.91152529
62.80250022,65.31734016,68.96488179
62.81109088,65.32002378,68.96758452
62.85525103,65.36530156,68.97601361
62.87759681,65.38414139,69.04640846
62.92589855,65.38889768,69.08711019
62.95519792,65.39219466,69.09912859
62.98382212,65.40841501,69.11605988
62.9910855,65.48972943,69.12827732
62.9938542,65.4922214,69.12925805
63.01562174,65.56626494,69.16742505
63.06177573,65.6075152,69.35300866
63.16237004,65.71034886,69.35567299
63.18407063,65.72540493,69.38693192
63.20006077,65.73291773,69.39393707
63.21635328,65.74018675,69.39948382
63.22790922,65.89852931,69.40376777
63.2947575,65.92861583,69.42121689
63.35445664,65.98506329,69.4478401
63.37784695,65.99396354,69.50839523
63.41555471,66.1127127,69.51280615
63.42215153,66.12200647,69.51448314
63.42254935,66.14081359,69.51464075
63.43727289,66.145079,69.53743308
63.43878283,66.18858357,69.54335427
63.44727838,66.27457123,69.58810623
63.45177998,66.28547342,69.67864652
63.47294522,66.2869739,69.76230922
63.51591569,66.36414773,69.76763591
63.54465668,66.39390717,69.84893362
63.58156908,66.3974531,69.86927171
63.58282301,66.41601109,69.93083553
63.67285627,66.45897487,69.96040495
63.68856231,66.4703898,70.04154198
63.72752677,66.49751012,70.04580576
63.7767314,66.52459239,70.06693702
63.78220593,66.56234841,70.09948804
63.81897669,66.61887999,70.11275351
63.81935076,66.62426948,70.1897669
63.84485196,66.65584625,70.21636034
63.89332773,66.66342647,70.22757121
64.00591361,66.71265552,70.37173164
64.00733016,66.72064535,70.37987335
64.01947162,66.72601779,70.45400821
64.02149236,66.74252344,70.46741435
64.03951956,66.75264898,70.52999709
64.05143603,66.75835453,70.54765822
64.05326826,66.82930904,70.57812079
64.0649262,66.87036283,70.5945337
64.07099749,66.87123075,70.60107144
64.1281953,66.88774879,70.61669944
64.14067501,66.9005581,70.64330165
64.16522088,66.90373603,70.64748517
64.17242285,66.92912549,70.71373891
64.17835617,66.97308454,70.92694888
64.18640412,67.06044766,70.95031819
64.24222364,67.13953524,70.9554688
64.36242854,67.20128786,70.97110421
64.37419259,67.20885985,70.97907488
64.394113,67.23220514,70.99639326
64.40164133,67.44989213,71.01258938
64.40635418,67.520458,71.01984224
64.40690252,67.6110803,71.0231214
64.42783523,67.62907515,71.06020691
64.44805904,67.66200978,71.10673727
64.47430978,67.66237776,71.11810313
64.50834822,67.67288617,71.1503825
64.51004431,67.76466549,71.20153637
64.53056001,67.85989862,71.21283495
64.54434491,67.92704432,71.22195285
64.54965277,67.93563078,71.24558114
64.5712699,67.97372851,71.26661916
64.58431348,67.98373958,71.46179523
64.62065843,68.02784275,71.4769143
64.62357156,68.03351137,71.48721236
64.6577222,68.11606323,71.4905661
64.65915156,68.17150473,71.49990948
64.70087253,68.20344357,71.51434609
64.70412912,68.21861708,71.51588204
64.73883916,68.264616,71.52527753
64.74008632,68.34731414,71.61832026
64.7486348,68.37375826,71.68216775
64.80385603,68.43061585,71.76488794
64.83411163,68.45265016,71.76614045
64.85418829,68.54910377,71.82263477
64.9267152,68.63161173,71.93149464
64.9429545,68.72311913,71.96925196
64.94690759,68.78588145,71.96936468
64.96100898,68.81659651,71.98741309
64.97280384,68.86444248,72.00470025
64.98189468,68.88463112,72.01791196
65.00072891,68.91152529,72.05159974
65.02644122,68.96488179,72.08885249
65.07917153,68.96758452,72.14314614
65.08731672,68.97601361,72.20505674
65.08907932,69.04640846,72.21400537
65.10878519,69.08711019,72.25909124
65.1220404,69.09912859,72.26133235
65.13412166,69.11605988,72.29603697
65.15113467,69.12827732,72.33985707
65.16407611,69.12925805,72.354047
65.16555872,69.16742505,72.38777725
65.21090985,69.35300866,72.39761646
65.22135868,69.35567299,72.44258186
65.24202309,69.38693192,72.45348512
65.26664306,69.39393707,72.47649869
65.2681146,69.39948382,72.50318825
65.28184787,69.40376777,72.54255973
65.30895799,69.42121689,72.55501793
65.3495273,69.4478401,72.56541593
65.39771907,69.50839523,72.63337975
65.40894741,69.51280615,72.71057916
65.42877197,69.51448314,72.79813115
65.47171097,69.51464075,72.8012954
65.47355799,69.53743308,72.83230608
65.48507844,69.54335427,72.92583911
65.50346347,69.58810623,72.93202443
65.51244356,69.67864652,72.97459085
65.52932904,69.76230922,73.03253839
65.55895275,69.76763591,73.06714744
65.61662936,69.84893362,73.09589461
65.66396682,69.86927171,73.10011355
65.71050184,69.93083553,73.14802797
65.71957432,69.96040495,73.154552
65.74668955,70.04154198,73.16798885
65.75430024,70.04580576,73.18030738
65.76523542,70.06693702,73.1856949
65.82619908,70.09948804,73.18740389
65.85549009,70.11275351,73.19327134
65.87379201,70.1897669,73.25058832
65.87709792,70.21636034,73.26099113
65.90101301,70.22757121,73.2626399
65.91260941,70.37173164,73.27542806
65.92738412,70.37987335,73.29274728
65.97290186,70.45400821,73.34999168
65.98576649,70.46741435,73.39714277
65.98989061,70.52999709,73.45813953
66.01244589,70.54765822,73.49340185
66.02110542,70.57812079,73.50733586
66.0391562,70.5945337,73.57473791
66.04499516,70.60107144,73.62036559
66.07854251,70.61669944,73.65217857
66.10255552,70.64330165,73.67958519
66.13984836,70.64748517,73.87924608
66.14782462,70.71373891,73.90931071
66.19880954,70.92694888,73.95062742
66.23836222,70.95031819,74.06968183
66.26536999,70.9554688,74.08720748
66.26900615,70.97110421,74.29285823
66.30662053,70.97907488,74.31378561
66.3076321,70.99639326,74.38899178
66.36919824,71.01258938,74.41039205
66.37550443,71.01984224,74.42855412
66.41135656,71.0231214,74.48356407
66.43998162,71.06020691,74.51689568
66.47478464,71.10673727,74.52407402
66.54820341,71.11810313,74.58226814
66.55307569,71.1503825,74.58737286
66.62336261,71.20153637,74.60321272
66.633322,71.21283495,74.64257877
66.66025021,71.22195285,74.66124596
66.66311415,71.24558114,74.68522592
66.66436534,71.26661916,74.71641136
66.68198505,71.46179523,74.79191626
66.68339817,71.4769143,74.85664727
66.70652376,71.48721236,74.88380083
66.73949747,71.4905661,74.93735735
66.75703511,71.49990948,74.95055397
66.76622676,71.51434609,75.0091975
66.76641609,71.51588204,75.10255963
66.77814404,71.52527753,75.12427359
66.78522629,71.61832026,75.18145643
66.87622815,71.68216775,75.22006403
66.88800371,71.76488794,75.23468755
66.9075109,71.76614045,75.26983974
66.92854741,71.82263477,75.42852738
66.92858411,71.93149464,75.43439832
66.94471651,71.96925196,75.44008347
66.95343672,71.96936468,75.49615491
66.96077046,71.98741309,75.58642017
66.98809449,72.00470025,75.66159248
67.04714159,72.01791196,75.66675977
67.05400224,72.05159974,75.69184996
67.072932,72.08885249,75.72559394
67.0816689,72.14314614,75.75039096
67.08695051,72.20505674,75.76062246
67.12137455,72.21400537,75.76581
67.1259944,72.25909124,75.8095947
67.12609023,72.26133235,75.83395745
67.14685622,72.29603697,75.84309506
67.16154121,72.33985707,75.88786706
67.17537168,72.354047,75.89952517
67.20292977,72.38777725,75.98964013
67.20694609,72.39761646,76.09986133
67.23415987,72.44258186,76.10240103
67.27851589,72.45348512,76.26758123
67.36277512,72.47649869,76.31881615
67.37741957,72.50318825,76.33674469
67.40877701,72.54255973,76.33882265
67.44497691,72.55501793,76.35679873
67.50845169,72.56541593,76.3758223
67.51818377,72.63337975,76.39540127
67.56403865,72.71057916,76.39718423
67.60180299,72.79813115,76.40494801
67.60570805,72.8012954,76.44765172
67.6626193,72.83230608,76.47927909
67.73103534,72.92583911,76.50127348
67.73526938,72.93202443,76.53163052
67.7370888,72.97459085,76.54271632
67.75379011,73.03253839,76.54381088
67.77517901,73.06714744,76.55346506
67.79585974,73.09589461,76.67040905
67.83114206,73.10011355,76.67697351
67.89723541,73.14802797,76.72985633
67.94007946,73.154552,76.82011883
68.03287779,73.16798885,76.83385405
68.03631998,73.18030738,76.87048716
68.04671762,73.1856949,76.9181892
68.0950497,73.18740389,76.97919462
68.12194326,73.19327134,77.02019804
68.12532567,73.25058832,77.02590784
68.14036643,73.26099113,77.02843901
68.14722577,73.2626399,77.13211761
68.15064728,73.27542806,77.20580544
68.15758329,73.29274728,77.24760891
68.19207968,73.34999168,77.28017695
68.20056735,73.39714277,77.28584444
68.23602455,73.45813953,77.34461328
68.24598045,73.49340185,77.40009042
68.24611456,73.50733586,77.43704563
68.26458401,73.57473791,77.44561182
68.27384355,73.62036559,77.50983153
68.30140355,73.65217857,77.59291867
68.32819714,73.67958519,77.60185811
68.33107634,73.87924608,77.60294765
68.38455808,73.90931071,77.62783665
68.395353,73.95062742,77.65068702
68.4117092,74.06968183,77.65366916
68.43595614,74.08720748,77.68046806
68.46899244,74.29285823,77.68578586
68.47566549,74.31378561,77.70231234
68.49107283,74.38899178,77.75057599
68.51239888,74.41039205,78.00557392
68.54563801,74.42855412,78.03694624
68.55631173,74.48356407,78.20359945
68.56529919,74.51689568,78.25523555
68.57508415,74.52407402,78.45819513
68.58381544,74.58226814,78.5052536
68.62760524,74.58737286,78.54117452
68.63316589,74.60321272,78.57613484
68.65790428,74.64257877,78.66937624
68.69086896,74.66124596,78.6906066
68.69742883,74.68522592,78.70168738
68.71835763,74.71641136,78.7020825
68.72272058,74.79191626,78.74564874
68.73744239,74.85664727,78.76549438
68.77715495,74.88380083,78.82467191
68.79567892,74.93735735,78.85603491
68.81191201,74.95055397,78.85716952
68.89736649,75.0091975,79.0605381
68.92166475,75.10255963,79.06809533
68.98888488,75.12427359,79.1949275
68.99297715,75.18145643,79.24451795
69.00545028,75.22006403,79.25723642
69.02087736,75.23468755,79.27445055
69.0447537,75.26983974,79.29678369
69.07374833,75.42852738,79.34474669
69.07568566,75.43439832,79.37217242
69.10102988,75.44008347,79.50666208
69.10809749,75.49615491,79.64512328
69.11654789,75.58642017,79.64976832
69.11926883,75.66159248,79.67523906
69.12085578,75.66675977,79.73019198
69.12382046,75.69184996,79.76424066
69.13934283,75.72559394,79.79438774
69.14150965,75.75039096,79.89494331
69.1436293,75.76062246,79.89500231
69.16506764,75.76581,79.9358417
69.16814798,75.8095947,79.95716046
69.18743536,75.83395745,79.96832177
69.20460931,75.84309506,79.97648029
69.27373487,75.88786706,80.01360174
69.33330137,75.89952517,80.11657539
69.35166599,75.98964013,80.15049011
69.36174099,76.09986133,80.19697466
69.39143572,76.10240103,80.20988529
69.39870136,76.26758123,80.31959808
69.41001951,76.31881615,80.46405936
69.42953794,76.33674469,80.47101958
69.43779176,76.33882265,80.49670827
69.44365475,76.35679873,80.51347895
69.47316334,76.3758223,80.51716281
69.49104627,76.39540127,80.60031611
69.50042179,76.39718423,80.69231578
69.54729067,76.40494801,80.69550288
69.55346786,76.44765172,80.71142644
69.55884872,76.47927909,80.73000774
69.56793693,76.50127348,80.80003406
69.60521383,76.53163052,80.86642688
69.63150694,76.54271632,81.00782668
69.64065291,76.54381088,81.02395423
69.648715,76.55346506,81.06930799
69.65712188,76.67040905,81.17536825
69.66403099,76.67697351,81.19690497
69.6998215,76.72985633,81.20148227
69.72859232,76.82011883,81.2137022
69.77747242,76.83385405,81.23237303
69.79849872,76.87048716,81.24288139
69.80640094,76.9181892,81.32726657
69.85328795,76.97919462,81.33338627
69.86360229,77.02019804,81.3336316
69.88503035,77.02590784,81.34073434
69.90027232,77.02843901,81.39821977
69.96034924,77.13211761,81.47449778
69.99020916,77.20580544,81.50390315
70.01198955,77.24760891,81.50901608
70.01270584,77.28017695,81.54152891
70.01791005,77.28584444,81.57002625
70.02154583,77.34461328,81.62369681
70.02591841,77.40009042,81.71329376
70.05891598,77.43704563,81.77277625
70.06372035,77.44561182,81.83256069
70.09125862,77.50983153,81.92048523
70.1112103,77.59291867,81.95112978
70.12190263,77.60185811,82.02551142
70.1423184,77.60294765,82.05383813
70.15917438,77.62783665,82.07150712
70.16523381,77.65068702,82.13956754
70.18237894,77.65366916,82.15949669
70.20625248,77.68046806,82.2002505
70.21459073,77.68578586,82.31956525
70.21735129,77.70231234,82.38108656
70.22955363,77.75057599,82.43262744
70.24140552,78.00557392,82.51470136
70.29532166,78.03694624,82.68315787
70.29783683,78.20359945,82.75968365
70.3024187,78.25523555,82.77844976
70.30524939,78.45819513,82.80390301
70.31444119,78.5052536,82.808866
70.34545273,78.54117452,82.90870477
70.37109433,78.57613484,82.94817397
70.3727668,78.66937624,83.02258662
70.3763344,78.6906066,83.15323372
70.3796639,78.70168738,83.17222883
70.39318996,78.7020825,83.1948901
70.40681397,78.74564874,83.27066791
70.41387259,78.76549438,83.28086164
70.42530097,78.82467191,83.3385903
70.42782236,78.85603491,83.45398794
70.42872667,78.85716952,83.59177529
70.45972404,79.0605381,83.64744587
70.46417177,79.06809533,83.70925636
70.47346252,79.1949275,83.83748783
70.47418305,79.24451795,83.86964545
70.49357642,79.25723642,83.95852594
70.50641855,79.27445055,83.98401585
70.54889693,79.29678369,84.00039155
70.56165443,79.34474669,84.01238545
70.57719593,79.37217242,84.0903868
70.57834704,79.50666208,84.22302057
70.60766336,79.64512328,84.22819215
70.63055637,79.64976832,84.27330209
70.64798573,79.67523906,84.41017044
70.69395115,79.73019198,84.4708557
70.69598927,79.76424066,84.47430896
70.75603688,79.79438774,84.54645707
70.76119597,79.89494331,84.55219145
70.78700042,79.89500231,84.64868099
70.80629281,79.9358417,84.74831429
70.81922775,79.95716046,84.81121741
70.82269263,79.96832177,84.9081243
70.83622921,79.97648029,84.98581404
70.85305375,80.01360174,85.03184987
70.8730045,80.11657539,85.1125423
70.91759434,80.15049011,85.15698595
70.94280811,80.19697466,85.21135899
70.97162673,80.20988529,85.36915853
70.97456568,80.31959808,85.39942576
71.01053812,80.46405936,85.52348411
71.03349995,80.47101958,85.60852438
71.03552733,80.49670827,85.65525537
71.04976492,80.51347895,85.66226123
71.05871315,80.51716281,85.67728596
71.07174154,80.60031611,85.72967436
71.09297573,80.69231578,85.81881888
71.09461056,80.69550288,85.82021292
71.1353492,80.71142644,85.8662764
71.13755634,80.73000774,86.26544802
71.14306193,80.80003406,86.31744661
71.1451737,80.86642688,86.5652399
71.14549167,81.00782668,86.56845437
71.17026102,81.02395423,86.77402257
71.21848967,81.06930799,86.80174684
71.24429033,81.17536825,86.82877849
71.29662654,81.19690497,86.84722257
71.29937681,81.20148227,86.94161072
71.30039894,81.2137022,87.00855766
71.32594508,81.23237303,87.2635284
71.32621923,81.24288139,87.3012423
71.34392843,81.32726657,87.41816334
71.37141123,81.33338627,87.48330147
71.37846754,81.3336316,87.62698752
71.38738144,81.34073434,87.79590253
71.41565912,81.39821977,87.79778662
71.45270607,81.47449778,88.17883352
71.45342923,81.50390315,88.18203766
71.49951286,81.50901608,88.53601961
71.50435139,81.54152891,88.54866519
71.5082915,81.57002625,88.60536667
71.56174051,81.62369681,88.71008743
71.57161589,81.71329376,89.14951044
71.59416557,81.77277625,89.60997103
71.62014567,81.83256069,89.64924859
71.62067013,81.92048523,89.95224162
71.62362497,81.95112978,90.00394955
71.64785931,82.02551142,90.20414232
71.64830613,82.05383813,90.49790725
71.67589576,82.07150712,90.5511052
71.69569951,82.13956754,90.65043009
71.70397091,82.15949669,90.76411603
71.72464949,82.2002505,91.32172044
71.72839672,82.31956525,91.43677843
71.72860155,82.38108656,91.66658067
71.72952788,82.43262744,91.80098108
71.73135011,82.51470136,91.90095641
71.80781213,82.68315787,92.47650124
71.81068634,82.75968365,92.53463939
71.81105051,82.77844976,93.16418428
71.81465184,82.80390301,95.91770024
71.83073818,82.808866,96.44494067
71.83171574,82.90870477,96.44583969
71.87740605,82.94817397,96.68821562
71.90043731,83.02258662,96.74329767
71.90604553,83.15323372,96.92649863
71.93248666,83.17222883,97.17987134
71.94384047,83.1948901,97.74008908
71.94617837,83.27066791,98.13402156
71.94839774,83.28086164,98.69039808
71.96079781,83.3385903,98.78154508
71.96467348,83.45398794,98.90168137
71.97773034,83.59177529,99.05543445
71.9795553,83.64744587,99.16652931
72.00939943,83.70925636,99.29180274
72.014021,83.83748783,99.32238537
72.01963079,83.86964545,99.35107376
72.04398719,83.95852594,99.40210856
72.04477984,83.98401585,99.43395379
72.06814695,84.00039155,99.54727819
72.08278713,84.01238545,99.55710101
72.08683413,84.0903868,99.62286194
72.09879696,84.22302057,99.72066604
72.11827451,84.22819215,99.7419623
72.13516334,84.27330209,99.76576268
72.14075155,84.41017044,99.77006435
72.1424041,84.4708557,99.79040521
72.14274521,84.47430896,99.80732177
72.15220495,84.54645707,99.82195333
72.15361077,84.55219145,99.82432751
72.1971773,84.64868099,99.83684598
72.20883632,84.74831429,99.85754986
72.21736188,84.81121741,99.91319444
72.22407953,84.9081243,99.91319444
72.22643593,84.98581404,99.92542878
72.25482396,85.03184987,100
72.26975232,85.1125423,100
72.27176572,85.15698595,100
72.29735849,85.21135899,100
72.35198981,85.36915853,100
72.40759135,85.39942576,
72.43238797,85.52348411,
72.44744341,85.60852438,
72.46269766,85.65525537,
72.50918815,85.66226123,
72.51011968,85.67728596,
72.51285062,85.72967436,
72.54432533,85.81881888,
72.56582712,85.82021292,
72.58174641,85.8662764,
72.61328347,86.26544802,
72.63540394,86.31744661,
72.63555731,86.5652399,
72.66370386,86.56845437,
72.66496028,86.77402257,
72.72752736,86.80174684,
72.73068794,86.82877849,
72.74523974,86.84722257,
72.77070651,86.94161072,
72.78300848,87.00855766,
72.80445967,87.2635284,
72.81970082,87.3012423,
72.82525807,87.41816334,
72.84638261,87.48330147,
72.86865395,87.62698752,
72.88230436,87.79590253,
72.88752536,87.79778662,
72.90326716,88.17883352,
72.90515606,88.18203766,
72.9186805,88.53601961,
72.92765828,88.54866519,
72.96007685,88.60536667,
72.96196802,88.71008743,
72.96378874,89.14951044,
72.9698685,89.60997103,
72.98286455,89.64924859,
72.98748722,89.95224162,
73.00012229,90.00394955,
73.02063165,90.20414232,
73.04573822,90.49790725,
73.07321174,90.5511052,
73.07526689,90.65043009,
73.08534417,90.76411603,
73.08627396,91.32172044,
73.13136419,91.43677843,
73.13158862,91.66658067,
73.15145841,91.80098108,
73.15176313,91.90095641,
73.15360336,92.47650124,
73.15467776,92.53463939,
73.1685637,93.16418428,
73.16929065,95.91770024,
73.17337152,96.44494067,
73.19903265,96.44583969,
73.2159434,96.68821562,
73.22553253,96.74329767,
73.2326644,96.92649863,
73.23480721,97.17987134,
73.26991513,97.74008908,
73.27135591,98.13402156,
73.28756272,98.69039808,
73.29729748,98.78154508,
73.30923241,98.90168137,
73.3463567,99.05543445,
73.37528287,99.16652931,
73.37603567,99.29180274,
73.38258684,99.32238537,
73.40428017,99.35107376,
73.40831616,99.40210856,
73.41539922,99.43395379,
73.43322424,99.54727819,
73.45208324,99.55710101,
73.46991981,99.62286194,
73.5254742,99.72066604,
73.55463868,99.7419623,
73.58797677,99.76576268,
73.60249731,99.77006435,
73.61999119,99.79040521,
73.63004334,99.80732177,
73.63927981,99.82195333,
73.66975636,99.82432751,
73.67792867,99.83684598,
73.7002567,99.85754986,
73.75009252,99.91319444,
73.75030584,99.91319444,
73.78461613,99.92542878,
73.80169181,100,
73.80657284,100,
73.81511062,100,
73.83304887,100,
73.85750466,100,
73.85905065,,
73.9143561,,
73.91574841,,
73.9270818,,
73.96428958,,
73.96803434,,
73.97377543,,
73.98841402,,
73.98880476,,
73.99106873,,
74.00569282,,
74.00787229,,
74.01193721,,
74.03854776,,
74.07097461,,
74.0759761,,
74.11927576,,
74.12154745,,
74.12165473,,
74.12798875,,
74.14431971,,
74.17860289,,
74.21334627,,
74.21447604,,
74.2385367,,
74.25435085,,
74.25865549,,
74.26039766,,
74.27325733,,
74.2924749,,
74.29605013,,
74.31739214,,
74.31912527,,
74.32194358,,
74.32754664,,
74.32855446,,
74.3489678,,
74.36423838,,
74.39767446,,
74.41493587,,
74.42433782,,
74.47813553,,
74.47921073,,
74.50390021,,
74.50505022,,
74.52132577,,
74.52903332,,
74.52993125,,
74.54582773,,
74.58145946,,
74.59960138,,
74.64377937,,
74.66275517,,
74.66341093,,
74.66785767,,
74.67137586,,
74.71113952,,
74.73572173,,
74.76147904,,
74.85996883,,
74.87148474,,
74.91323981,,
74.93687327,,
74.93828392,,
74.98571521,,
75.00520259,,
75.04111802,,
75.07104245,,
75.07991147,,
75.09450041,,
75.10530561,,
75.10556003,,
75.13989695,,
75.15277341,,
75.16203223,,
75.16243828,,
75.16939256,,
75.17388434,,
75.20230314,,
75.26096378,,
75.26517391,,
75.27513217,,
75.30244606,,
75.31181799,,
75.31863873,,
75.37139186,,
75.3722027,,
75.38098216,,
75.39968057,,
75.40894334,,
75.44136058,,
75.44983769,,
75.46339158,,
75.53546151,,
75.54962224,,
75.55677646,,
75.55880472,,
75.56707869,,
75.57885265,,
75.60556542,,
75.61082668,,
75.63003585,,
75.6331484,,
75.68810152,,
75.69523316,,
75.69847135,,
75.69896761,,
75.73995784,,
75.75031972,,
75.8128323,,
75.85208051,,
75.88234682,,
75.89972003,,
75.95945692,,
75.97690096,,
75.98529561,,
75.99983674,,
76.00634045,,
76.00794147,,
76.02107641,,
76.02857527,,
76.02921319,,
76.06535371,,
76.0805759,,
76.08905552,,
76.09813976,,
76.11799728,,
76.12601054,,
76.15114884,,
76.15699075,,
76.21619299,,
76.24551853,,
76.26459776,,
76.33204963,,
76.33209807,,
76.3586917,,
76.3658483,,
76.37008785,,
76.37085985,,
76.44303993,,
76.45364811,,
76.4594976,,
76.48346982,,
76.49226538,,
76.50646366,,
76.53132706,,
76.54515631,,
76.55040083,,
76.57188777,,
76.57678907,,
76.60179242,,
76.6078227,,
76.62590258,,
76.6266637,,
76.65285388,,
76.7168087,,
76.74529917,,
76.79303292,,
76.83710627,,
76.84578295,,
76.86397269,,
76.8790897,,
76.88069487,,
76.90662963,,
76.91124189,,
76.91550971,,
76.92579619,,
76.94025743,,
76.99638504,,
77.01625533,,
77.01962863,,
77.02681348,,
77.03632488,,
77.03915264,,
77.08321214,,
77.09578969,,
77.1035525,,
77.10874818,,
77.1177961,,
77.12826065,,
77.13855194,,
77.15750292,,
77.16943595,,
77.17066879,,
77.18068755,,
77.19047262,,
77.2050186,,
77.20924902,,
77.23653344,,
77.2920264,,
77.30783275,,
77.31597815,,
77.3201138,,
77.34381055,,
77.36997252,,
77.4179092,,
77.43065338,,
77.43624743,,
77.43740674,,
77.44967233,,
77.46340193,,
77.46600029,,
77.46909953,,
77.50350824,,
77.50515731,,
77.52858547,,
77.55106813,,
77.55326359,,
77.57393847,,
77.60562434,,
77.66031482,,
77.67598548,,
77.71201897,,
77.74620927,,
77.75583277,,
77.76614153,,
77.79600478,,
77.80573882,,
77.80858809,,
77.80967987,,
77.83159567,,
77.88061568,,
77.9024054,,
77.92084166,,
77.92368951,,
77.92646573,,
77.96848252,,
77.96977896,,
77.9704339,,
77.98440335,,
77.99020984,,
77.9977517,,
77.99925831,,
78.01726682,,
78.0369965,,
78.04258683,,
78.08843191,,
78.15795214,,
78.15923567,,
78.16102397,,
78.16661118,,
78.17453494,,
78.19216596,,
78.24654047,,
78.25979411,,
78.29446174,,
78.30360972,,
78.32315169,,
78.33913785,,
78.34886001,,
78.44840529,,
78.46505457,,
78.50142726,,
78.57348653,,
78.59813358,,
78.6197007,,
78.63154086,,
78.6408552,,
78.64935252,,
78.65513861,,
78.65667342,,
78.68990443,,
78.69602334,,
78.70244076,,
78.70247899,,
78.7067213,,
78.71835894,,
78.72020355,,
78.76607773,,
78.7694742,,
78.79772476,,
78.79872527,,
78.82292063,,
78.83802382,,
78.84328056,,
78.84952979,,
78.86806371,,
78.9048714,,
78.91853463,,
78.9201312,,
78.93168085,,
78.95245772,,
78.96091856,,
79.00546348,,
79.01392154,,
79.08100989,,
79.09678994,,
79.1457381,,
79.16013413,,
79.17240663,,
79.22099411,,
79.22928098,,
79.22935712,,
79.23001099,,
79.23382605,,
79.26239737,,
79.27838066,,
79.28469152,,
79.35133145,,
79.36266831,,
79.36930351,,
79.38309857,,
79.38371596,,
79.40617162,,
79.40648736,,
79.48401354,,
79.50261805,,
79.54481506,,
79.56136828,,
79.60375239,,
79.63080347,,
79.73131108,,
79.73492539,,
79.74035296,,
79.74924191,,
79.75481324,,
79.80502293,,
79.8080007,,
79.8386516,,
79.89528076,,
79.91149158,,
79.93785347,,
79.94626384,,
79.95536031,,
79.97315608,,
79.98904979,,
79.99497208,,
80.01469981,,
80.02409256,,
80.09083434,,
80.10519354,,
80.11757192,,
80.16487951,,
80.16829739,,
80.17297458,,
80.18454557,,
80.18473612,,
80.23826695,,
80.28210525,,
80.30464642,,
80.3470379,,
80.36887468,,
80.37420927,,
80.37672037,,
80.37783917,,
80.44526524,,
80.46289832,,
80.48283459,,
80.51997738,,
80.54939628,,
80.55237047,,
80.59129182,,
80.62252479,,
80.62658403,,
80.66317215,,
80.68672435,,
80.70325982,,
80.73777425,,
80.77064694,,
80.81889571,,
80.82242494,,
80.83963826,,
80.84308942,,
80.85110837,,
80.92167139,,
80.93964559,,
80.95593316,,
81.01778862,,
81.03588766,,
81.04520619,,
81.05202321,,
81.05264936,,
81.05314785,,
81.06036919,,
81.06749567,,
81.07064452,,
81.16352442,,
81.16996316,,
81.18633932,,
81.18978561,,
81.20673856,,
81.25108354,,
81.27088576,,
81.27717996,,
81.28321904,,
81.29497527,,
81.36769401,,
81.3928905,,
81.41134379,,
81.42976464,,
81.46222985,,
81.465373,,
81.48973355,,
81.52525715,,
81.52944892,,
81.54081904,,
81.54718985,,
81.59435447,,
81.64962523,,
81.66587859,,
81.76344005,,
81.7635935,,
81.81113269,,
81.85201503,,
81.86667473,,
81.875639,,
81.88073347,,
81.94417135,,
81.95084501,,
81.96516061,,
81.99440254,,
82.06267807,,
82.06612631,,
82.1134129,,
82.18195455,,
82.1826601,,
82.18938341,,
82.1907751,,
82.23884294,,
82.25020722,,
82.25193516,,
82.2810443,,
82.31253441,,
82.31936159,,
82.32097061,,
82.35762334,,
82.44424137,,
82.48719841,,
82.4971063,,
82.55292365,,
82.57113817,,
82.57433791,,
82.62338577,,
82.64833923,,
82.65128249,,
82.66709776,,
82.71701462,,
82.72823674,,
82.74865715,,
82.76620393,,
82.8235232,,
82.89080798,,
82.9085407,,
82.9280114,,
82.92819132,,
82.93217045,,
82.93690393,,
82.94474683,,
82.96949179,,
83.01253306,,
83.02236348,,
83.02764309,,
83.04529457,,
83.04946668,,
83.13994708,,
83.15787373,,
83.1743492,,
83.22010998,,
83.23193788,,
83.24015409,,
83.28268128,,
83.29617944,,
83.3399388,,
83.41310025,,
83.41378226,,
83.44775062,,
83.47835368,,
83.5044331,,
83.53050048,,
83.54980963,,
83.5663135,,
83.66678713,,
83.67225095,,
83.67694355,,
83.70000246,,
83.72304291,,
83.76301528,,
83.82706555,,
83.87759556,,
83.91073664,,
83.92637726,,
83.97644601,,
83.99693127,,
84.03740439,,
84.04687114,,
84.10035242,,
84.13914493,,
84.1753573,,
84.17537207,,
84.18669587,,
84.26204403,,
84.2699106,,
84.27452887,,
84.28912799,,
84.293567,,
84.30616449,,
84.32289267,,
84.42472089,,
84.44117606,,
84.4517832,,
84.50158051,,
84.51832724,,
84.5294728,,
84.58900856,,
84.61764093,,
84.63098153,,
84.63497616,,
84.6409241,,
84.71799973,,
84.72223329,,
84.74129546,,
84.75721377,,
84.80426118,,
84.814498,,
84.87001524,,
84.8775981,,
84.90678611,,
84.95755906,,
84.96785656,,
84.99858772,,
85.04546206,,
85.05148111,,
85.0571561,,
85.08650364,,
85.20548646,,
85.22534808,,
85.22573785,,
85.22968837,,
85.24210548,,
85.32441825,,
85.38296532,,
85.39501686,,
85.42657315,,
85.48109331,,
85.51923251,,
85.53567297,,
85.57294238,,
85.60495247,,
85.63313419,,
85.63823803,,
85.68768709,,
85.71181816,,
85.72695592,,
85.75923895,,
85.81727679,,
85.83027582,,
85.8432815,,
85.85158657,,
85.9319642,,
85.94766136,,
86.00150011,,
86.00279117,,
86.03132927,,
86.05551598,,
86.05967742,,
86.07018665,,
86.09640471,,
86.11056944,,
86.1231235,,
86.14146026,,
86.33100728,,
86.3727301,,
86.39541322,,
86.4099115,,
86.41170102,,
86.50646617,,
86.6592099,,
86.67044716,,
86.73959157,,
86.75375154,,
86.9267108,,
86.95602264,,
86.96332541,,
86.97897459,,
86.98127219,,
87.01542403,,
87.09151661,,
87.21387927,,
87.33283237,,
87.40021551,,
87.47130131,,
87.47544911,,
87.49312536,,
87.54685808,,
87.5758702,,
87.66152881,,
87.66830722,,
87.69238347,,
87.76708205,,
87.77630957,,
87.79626503,,
87.87749089,,
87.90689727,,
88.37135197,,
88.42407919,,
88.4286617,,
88.50408803,,
88.60283255,,
88.79971485,,
88.84113861,,
88.84909613,,
88.86019632,,
89.07342592,,
89.08487067,,
89.09931924,,
89.29501356,,
89.35686379,,
89.42862256,,
89.44716487,,
89.51223005,,
89.51609502,,
89.63614667,,
89.73785921,,
89.7507812,,
89.7592126,,
90.02226301,,
90.03388727,,
90.10471517,,
90.20323821,,
90.23785135,,
90.41702136,,
90.49732732,,
90.56803067,,
90.68364922,,
90.84373915,,
90.8881929,,
90.91920693,,
90.92167462,,
91.2104355,,
91.29984108,,
91.33250667,,
91.36519446,,
91.37014907,,
91.43662628,,
91.53875381,,
91.56085646,,
91.82707025,,
92.13355399,,
92.15933103,,
92.26644635,,
92.46724937,,
92.5890106,,
92.67027532,,
92.90541144,,
93.01889304,,
93.03847516,,
93.08979848,,
93.36200841,,
93.51316604,,
93.83831543,,
93.9304564,,
94.41643503,,
94.47529048,,
94.57142857,,
94.89931636,,
95.10244279,,
95.20393146,,
95.48981186,,
95.50718012,,
96.09123233,,
96.33183183,,
97.02922366,,
97.05000465,,
97.56578594,,
97.62147323,,
97.83041062,,
97.88858259,,
98.15868728,,
98.26005732,,
98.26291047,,
98.26615316,,
98.27463155,,
98.50991516,,
98.53411593,,
98.59052864,,
98.62568092,,
98.63889367,,
98.73738504,,
98.80611789,,
98.82207941,,
98.92660761,,
98.94272161,,
98.95947669,,
98.96084849,,
98.97126292,,
99.00326769,,
99.1015831,,
99.14135947,,
99.19780067,,
99.23636363,,
99.25396578,,
99.29042709,,
99.29834421,,
99.31803319,,
99.33112784,,
99.33154362,,
99.35165755,,
99.36592317,,
99.41488113,,
99.42912433,,
99.43040869,,
99.46072852,,
99.48674211,,
99.50112873,,
99.53635806,,
99.56821111,,
99.57294993,,
99.57393873,,
99.59191185,,
99.59293292,,
99.60913868,,
99.63364969,,
99.63620541,,
99.65856115,,
99.66097014,,
99.66269303,,
99.68167224,,
99.68547027,,
99.68608539,,
99.69347277,,
99.73258507,,
99.73299746,,
99.7410737,,
99.74527465,,
99.7530788,,
99.75602521,,
99.75795903,,
99.77107802,,
99.78070175,,
99.78143539,,
99.79121588,,
99.79879452,,
99.8015873,,
99.81442506,,
99.81537769,,
99.81735023,,
99.82006003,,
99.82428685,,
99.83478577,,
99.83485124,,
99.83551198,,
99.84984985,,
99.85267143,,
99.85929122,,
99.86067026,,
99.86132644,,
99.86191345,,
99.87922349,,
99.87922705,,
99.89212513,,
99.89224138,,
99.89392674,,
99.8951782,,
99.90253411,,
99.90530303,,
99.90636704,,
99.91319444,,
99.92592593,,
99.92967651,,
99.93131868,,
99.93757803,,
99.93792675,,
99.93861265,,
100,,
100,,
100,,
100,,
100,,
100,,
100,,
100,,
100,,
100,,
100,,
100,,
100,,
100,,
100,,
