Number of Pupils,GCSE Pass Average %,% Rate of Absence
37,9.285714286,21.02222222
45,2.73875408,25.64444444
48,26.94140282,18.95555556
49,37.26325758,17.15555556
53,10.41666667,19.02222222
55,34.57625099,12.7125
59,8.095238095,25.2625
59,33.54462997,18.66666667
60,6.324404762,20.26666667
61,10.55555556,12.4
61,39.18776662,9.588888889
66,4.293636647,29.23333333
66,23.01476812,26.14444444
69,11.48145333,21.17142857
69,7.596724263,19.97777778
70,4.498936736,30.53333333
71,6.644570707,23.65555556
71,6.666666667,27.47777778
71,43.0513468,8.255555556
72,61.51556777,14.52222222
73,44.22222222,14.2
73,31.87229437,11.3
73,27.3015873,7.266666667
75,22.01379517,15.98888889
75,10.67358567,24.15
75,37.73809524,22.48888889
76,9.686317509,14.08888889
78,16.37648066,24.51111111
79,20.76530612,19.96666667
81,4.591503268,32.62222222
82,14.15598291,17.42222222
82,1.333333333,35.0125
82,7.86996904,19.58333333
83,13.94660895,24.5875
83,23.90473361,16.71428571
84,22.214809,21.18888889
84,10.26295133,21.42857143
85,15.67314426,20.71111111
85,25.70861678,19.11428571
85,9.455782313,32.35555556
87,14.72676671,24.63333333
88,20.46396958,21.7
89,7.040816327,15.725
89,11.66666667,33.53333333
90,6.10042735,18.1
91,43.6342695,6.855555556
92,36.84807256,10.88888889
95,1.538461538,25.21111111
99,10.79907747,17.33333333
99,13.78787879,34.9
99,4.047619048,13.7
100,15.13671786,17.44444444
101,5.113636364,28.61428571
103,18.19047619,32.96666667
106,2.592592593,7.066666667
107,60.46248786,7.688888889
109,13.8548951,28.85555556
110,7.5,17.9
110,29.64762336,13.8
110,10.72562358,7.7
111,7.31962482,23.64444444
113,11.47186147,15.61111111
113,6.944444444,25.48333333
114,13.93939394,12.525
115,1.785714286,10.41111111
116,5.151515152,23.7
117,3.37962963,19.25555556
118,10.43448121,15.82222222
118,16.59358289,22.21111111
118,3.538461538,7.433333333
119,14.2834596,17.6
121,75.17388434,7.875
122,18.60772768,15.75714286
123,16.83551198,15.66666667
124,32.08874459,6.911111111
126,13.01587302,22.2
127,14.6043771,11.87777778
127,86.05967742,6.155555556
128,24.91496599,21.1
128,37.59920635,9.688888889
128,9.433994846,23.65555556
131,14.37340418,8.288888889
131,6.198753873,31.44444444
135,69.16814798,9.885714286
137,58.15681534,7.488888889
137,10.85034014,18.57777778
137,6.319444444,18.75
138,0,17.26666667
138,70.37109433,10.3
139,15.46468829,10.38333333
141,9.518806548,26.27777778
143,10.48484848,26.52222222
145,49.12680194,15.67777778
146,52.34901975,8.066666667
153,21.6971917,8.055555556
153,0,11.54444444
159,56.27172345,5.955555556
160,11.47306397,14.1
160,14.11210317,22.36666667
161,2.222222222,16.11111111
164,19.34515777,8.966666667
164,1.666666667,8.8
167,11.08663162,24.15555556
171,3.954081633,7.8
172,4.938271605,5.755555556
173,4.588929589,23.7
178,84.28912799,6.1375
179,22.47164385,8.877777778
183,16.05519481,7.444444444
185,40.74211778,15.48888889
186,21,8.811111111
189,7.454545455,8.488888889
190,24.52876984,8.722222222
191,9.523809524,8.222222222
191,60.14083434,10.02
191,4.768089054,6.877777778
192,69.11926883,9.157142857
193,55.94428892,14.32857143
198,2.223102101,23.24444444
199,5.255102041,8.133333333
203,72.90326716,6.944444444
204,11.99790148,27.87777778
206,16.00890964,27.08571429
208,24.32252932,4.477777778
209,3.818181818,7.322222222
216,1.5625,8.911111111
217,0,12.63333333
219,7.714285714,9.044444444
222,24.56349206,7.722222222
224,29.81684982,7.655555556
224,75.20230314,7
234,16.05237154,7.455555556
238,64.74008632,9.444444444
239,27.58367994,10.36666667
240,52.03256859,9.344444444
241,80.46405936,7.322222222
241,45.23791718,9.266666667
242,66.52459239,6.244444444
242,7.638888889,7.366666667
251,45.27586996,8.844444444
253,62.11716692,8.516666667
253,61.04827349,9.166666667
253,70.30524939,6.177777778
254,58.02827414,10.3
257,7.637732638,6.455555556
257,50.56241283,8.033333333
264,40.64602885,12.67777778
267,63.94072377,8.044444444
274,19.39102564,7.211111111
275,30.79951639,10.37777778
282,66.10255552,9.7
285,84.96785656,7.5
286,78.16102397,7.444444444
289,10.80586081,7.04
290,73.1685637,9.285714286
294,19.91444075,7.033333333
294,68.77715495,7.366666667
296,51.92637543,12.16666667
305,46.29975641,10.7
308,15.52315664,11.75555556
315,44.58001205,8.733333333
322,63.51591569,9.471428571
324,31.18725719,8.66
325,21.5157174,12.77777778
325,41.82120254,8.9625
328,77.96848252,6.266666667
333,16.55518395,8.288888889
336,17.5511063,9.244444444
336,2.398989899,8.322222222
339,79.98904979,5.944444444
339,64.9429545,8.033333333
341,7.426081544,8.833333333
345,2.56466379,24.3
346,54.3503805,7.688888889
348,73.62036559,7.344444444
348,57.94683532,7.911111111
349,16.88311688,8.411111111
354,78.82292063,6.211111111
356,18.17442974,8.977777778
360,68.30140355,7.111111111
362,63.43727289,10.33333333
363,81.17536825,5.8
364,43.78598927,9.366666667
380,57.5804591,7.611111111
384,92.47650124,5.311111111
387,62.73505351,8.1875
388,69.51464075,6.711111111
388,73.15467776,5.777777778
391,50.04321696,7.566666667
392,85.22968837,4.3375
392,26.09347542,10.82222222
392,62.3798822,7.766666667
396,60.73283567,7.744444444
398,63.72752677,6.977777778
399,8.814333814,8.711111111
400,13.23043185,9.844444444
401,53.68462864,10.2875
402,99.42912433,8.185714286
410,6.197569703,7.555555556
412,58.98013337,8.055555556
419,59.82483082,9.516666667
419,53.66295044,9.185714286
421,57.66544766,7.788888889
421,76.57188777,8.2375
422,49.79719847,8.733333333
424,2.836538462,8.533333333
431,60.6124599,8.071428571
432,61.8114519,6.622222222
436,2.777777778,8.588888889
438,69.35567299,8.055555556
439,50.78711505,8.255555556
439,66.87123075,7.411111111
440,55.25941655,8.666666667
445,53.92719135,9.433333333
445,74.07097461,8.116666667
448,58.57063474,8.42
448,84.99858772,4.366666667
449,59.70055659,8.911111111
449,64.82902265,7.377777778
450,64.03951956,9.283333333
452,67.20128786,7.111111111
452,79.50666208,7.146124807
454,70.02154583,6.3375
454,83.1948901,3.911111111
455,84.51832724,6.7125
456,51.47341796,7.088888889
460,62.4924651,6.155555556
463,76.39540127,5.833333333
468,75.10255963,7.511111111
469,65.18561553,7.144444444
470,67.50845169,9.9625
470,63.68856231,8.1
470,58.19320989,7.644444444
470,77.12826065,6.7
472,64.17242285,6.45
473,55.73028559,7.311111111
480,69.79849872,8.22
480,64.62065843,9.222222222
481,59.76160591,7.677777778
484,69.35166599,7.5875
487,71.70397091,8.783333333
488,55.78515956,9
495,62.9938542,12.36666667
498,61.55752521,10.73333333
499,69.67864652,5.311111111
500,66.13984836,7.255555556
501,56.21964675,7.8
501,63.37784695,8
503,52.31597545,8.4
504,70.3796639,6.844444444
509,67.60570805,8.133333333
509,58.0269865,7.3625
509,63.7251495,9.111111111
510,70.57719593,8.425
513,76.33209807,8.28
514,72.54432533,5.4375
516,64.1281953,7.377777778
517,54.48582424,9.166666667
518,53.34792817,7.325
522,62.74332758,7.7
522,53.09732474,7.744444444
524,65.42877197,8.188888889
524,61.35218523,7.177777778
525,63.63711181,6.488888889
525,69.88503035,5.488888889
526,76.53163052,6.6
528,71.81105051,6.788888889
528,74.17860289,6.911111111
529,75.0091975,6.166666667
533,97.74008908,5.244444444
534,45.0315612,9.2
536,71.32621923,7.177777778
537,53.05897774,9.166666667
537,58.47660695,5.566666667
538,74.66785767,6.785714286
538,76.15699075,5.633333333
538,62.95519792,7.466666667
539,74.12798875,6.377777778
539,60.97040007,6.777777778
543,54.53155311,7.911111111
545,64.4180871,7.511111111
546,54.68011464,8.8125
546,61.40537025,6.677777778
547,64.00733016,8.1125
547,60.64122294,7.8
548,60.35117992,6.6
548,69.07374833,7.044444444
549,84.4708557,4.922222222
550,67.40877701,9.342857143
553,62.31478606,7.533333333
553,57.86823661,5.611111111
557,76.84578295,8.32
560,69.53743308,7.711111111
560,62.72144298,8.188888889
564,70.57834704,9.6
564,53.73769306,7.811111111
564,53.7207055,9.18
564,56.97104015,6.866666667
566,72.50918815,7.375
566,55.80248772,7.75
569,71.73135011,6.744444444
570,67.66200978,6.988888889
571,63.84485196,8.744444444
572,65.24202309,6.914285714
573,75.55677646,7.322222222
574,49.14920181,8.744444444
574,60.1376013,8.375
575,81.05264936,6.333333333
577,65.52932904,8.766666667
578,68.99297715,7.633333333
578,71.17026102,5.322222222
581,68.54563801,6.588888889
581,65.47171097,4.833333333
582,67.6626193,8.044444444
582,54.6138594,7.044444444
585,75.26517391,7.488888889
586,72.08885249,6.111111111
586,62.18226421,8.766666667
586,77.34461328,6.377777778
587,52.21514035,9.333333333
590,55.2046223,7.277777778
591,60.47789782,8.36
591,55.38831962,8.583333333
593,73.37603567,7.277777778
593,54.94864264,11.2
594,48.16428773,10.8
594,52.25155009,8.555555556
594,64.77236401,5.3
595,75.16243828,6.8
595,63.3587149,8.5
596,68.4117092,7.555555556
597,63.89332773,7.033333333
597,68.45265016,6.7
599,86.75375154,3.475
600,78.65667342,6.288888889
600,41.89333657,7.225
600,62.84745578,5.866666667
601,64.42679502,7.855555556
601,83.87759556,5.766666667
602,67.7370888,6.255555556
602,47.47438824,13.9
603,66.68198505,6.985714286
603,60.514627,6.955555556
603,74.2385367,5.488888889
604,61.45492713,7.8
605,53.31905583,7.211111111
606,55.31952421,8.622222222
606,65.39219466,6.488888889
608,65.91260941,7.971428571
608,61.19304992,6.777777778
608,83.97644601,3.822222222
611,57.35684911,5.522222222
611,60.25079784,8.4
612,83.5663135,6.1125
612,64.00440142,7.422222222
613,64.42783523,7.155555556
615,83.01253306,5.511111111
615,62.98382212,7.544444444
617,60.22647038,7.911111111
618,59.58095482,6.033333333
618,48.98800354,8.311111111
620,84.71799973,5.833333333
620,59.50704489,5.922222222
620,87.69238347,4.1625
623,64.65915156,8.5
623,86.95602264,3.2125
624,51.51778004,10.41666667
626,72.29603697,6.433333333
627,70.45400821,8.322222222
631,63.42215153,9.15
631,66.75835453,6.944444444
632,85.53567297,5.377777778
632,77.10874818,6.4
634,56.34997273,7.211111111
634,97.62147323,5.966666667
634,72.72752736,7.742857143
635,63.2947575,7.4
636,62.26677504,7.366666667
637,52.80480723,6.911111111
639,56.48687038,10.31666667
640,53.13315439,9.211111111
640,84.95755906,5.9625
641,86.07018665,3.528571429
641,62.31410836,6.788888889
642,73.63927981,7.766666667
642,66.01244589,7.54
642,64.73883916,6.366666667
645,84.27330209,6.211111111
647,49.51531863,8.566666667
647,50.94738101,8.116666667
647,73.27135591,5.466666667
647,46.7214546,9.566666667
648,48.22446698,8.988888889
649,59.0536846,6.511111111
650,75.56707869,7.166666667
651,71.52527753,5.777777778
651,70.15917438,7.35
651,73.3463567,6.244444444
654,77.59291867,4.5
654,65.51244356,6.82
658,76.00634045,6.077777778
658,49.26417901,7.7375
660,79.89500231,4.411111111
661,61.39227361,7.5625
661,54.44883495,7.455555556
662,70.92694888,7.311111111
662,75.69523316,5.888888889
662,80.16829739,6.677777778
663,73.29274728,6.811111111
664,61.68659574,7.522222222
664,77.13211761,5.288888889
666,48.22427525,10.53333333
666,62.96489626,6.544444444
667,44.26623441,9.677777778
667,82.93690393,6.877777778
668,46.0964522,9.488888889
668,70.82269263,8.316666667
669,99.54727819,3.433333333
669,50.72722121,7.755555556
670,82.96949179,5.433333333
672,60.08508351,7.477777778
672,59.73640786,7.68
672,78.33913785,6.044444444
673,46.71820685,7.288888889
674,55.35693258,7.966666667
674,65.82619908,6.475
675,78.9048714,6.244444444
677,65.73291773,6.044444444
678,77.99925831,6.655555556
678,82.8235232,5.377777778
679,71.24558114,7.166666667
679,56.61987899,7.255555556
680,68.20344357,6.933333333
680,77.9977517,5.944444444
681,73.66975636,6.4
681,57.94892007,9.371428571
681,65.1220404,8.477777778
682,59.0931992,8.866666667
682,51.85940301,10.04444444
682,56.60028277,9.742857143
683,59.67386584,7.988888889
684,60.29468975,7.433333333
685,69.77747242,7.088888889
687,66.62336261,7.7
688,75.8128323,6.911111111
688,43.28156491,10.78888889
688,61.24390514,6.111111111
689,61.65453912,6.725
689,59.12410229,7.555555556
691,80.83963826,6.816666667
691,70.60766336,6.944444444
691,55.35510468,8.775
692,64.44112841,7.111111111
692,69.90027232,7.277777778
693,78.01726682,6.055555556
694,57.09051167,8.588888889
694,88.79971485,6.077777778
697,75.54962224,6.711111111
698,61.80852068,7.511111111
699,84.0903868,5.344444444
701,73.15145841,9.5
704,50.37686262,7.933333333
705,56.10218325,9.7
706,81.83256069,6.122222222
707,79.75481324,6.122222222
709,61.45554299,7.166666667
709,80.17297458,5.144444444
711,60.72609482,6.7
715,78.71835894,7.266666667
715,69.58810623,6.611111111
715,63.73127804,7.588888889
717,72.88752536,7.583333333
717,55.30453509,7.455555556
718,70.01270584,6.077777778
719,79.99497208,5.422222222
722,77.43740674,5.911111111
722,69.11654789,6.422222222
723,52.91746811,8.9
723,55.14700108,8.866666667
724,71.62362497,8.125
726,64.09842156,7.955555556
727,62.00836886,7.0375
728,75.76062246,6.877777778
728,84.03740439,5.75
729,68.17150473,7.455555556
729,74.88380083,6.766666667
730,51.7875595,8.8
730,74.21447604,7.055555556
731,69.39393707,7.655555556
731,69.80640094,6.722222222
732,70.91759434,6.7125
732,66.26536999,7.775
733,58.57910595,8.8375
733,53.90614901,9.2
734,60.88061843,7.1
734,66.98809449,7.455555556
736,72.08278713,7
736,52.75898013,7.222222222
736,92.5890106,2.377777778
737,68.69742883,8
737,71.4769143,5.888888889
737,78.44840529,5.3
738,53.86470735,12.74444444
738,79.73492539,5.22
739,70.04154198,7.066666667
739,74.32855446,6.077777778
739,80.51997738,5.7125
739,49.61969109,10.25555556
739,69.50839523,6.866666667
739,56.86375562,6.777777778
741,68.62760524,7.577777778
741,55.07463638,9.325
742,81.18633932,5.422222222
742,87.62698752,5.111111111
743,66.04499516,7.388888889
743,76.92579619,6.5
743,60.1389932,7.333333333
744,65.87379201,7.277777778
744,69.49104627,6.788888889
744,47.22449597,12.71666667
745,63.45177998,8.477777778
745,60.48651624,9.888888889
745,56.52719989,8.111111111
746,62.8647372,6.722222222
746,65.75430024,7.975
747,74.41039205,6.755555556
748,61.04722598,8.92
748,86.73959157,5.922222222
749,86.97897459,5.3
749,90.5511052,5.277777778
749,71.48721236,5.955555556
752,85.60495247,4.55
753,65.07917153,6.311111111
753,64.40635418,6.844444444
754,64.59961092,8.388888889
756,98.80611789,5.277777778
756,71.51434609,7.388888889
757,64.0899956,7.922222222
757,74.39767446,7.866666667
757,60.03540711,7.233333333
758,65.38414139,7.522222222
760,60.4910358,8.042857143
760,62.81109088,9.355555556
760,70.46741435,6.122222222
760,48.23741714,9.722222222
761,72.08683413,5.444444444
762,56.55284956,7.355555556
762,57.61792915,8.155555556
762,68.88463112,6.411111111
763,80.86642688,5.933333333
763,68.69086896,7.2
765,71.49990948,6.244444444
766,72.61328347,7.68
766,63.89610159,6.7
767,57.74055223,9.177777778
767,64.58431348,7.133333333
767,48.98590397,9.488888889
767,71.37846754,8.66
769,72.93202443,7.4
769,58.33549994,8.085714286
769,83.04529457,5.2
770,68.43595614,6.3
770,74.47813553,9
770,48.40628296,10.05
770,70.64330165,8.322222222
770,38.82348185,9.833333333
770,87.66830722,5.022222222
771,76.91124189,7.14
771,72.46269766,7.716666667
772,59.05858479,10.35555556
772,89.51609502,5.622222222
773,73.75009252,5.022222222
775,54.75915728,8.46
777,81.46222985,6.666666667
777,56.35858552,6.3
778,91.36519446,7.177777778
778,79.9358417,5.111111111
778,70.42530097,6.344444444
778,55.40746952,6.422222222
779,53.35921939,9.633333333
780,60.82614969,7.9
780,67.77517901,7.45
780,89.07342592,4.877777778
780,48.24776814,12.53333333
781,69.60521383,7.944444444
781,81.29497527,6.188888889
781,48.80417872,9.255555556
782,72.22407953,6.98
783,69.04640846,6.466666667
783,56.05791184,7.377777778
783,73.49340185,7.066666667
783,73.2626399,6.422222222
784,72.21736188,6.211111111
784,70.52999709,5.788888889
785,68.27384355,7.816666667
785,60.57864621,6.188888889
786,56.11379217,7.288888889
788,71.72839672,6.422222222
788,71.01053812,6.025
788,79.28469152,6.033333333
788,99.48674211,4.5
789,53.83326767,9.285714286
789,66.43998162,7.328571429
790,58.27691927,8.888888889
790,54.67113653,8.388888889
790,47.7281794,6.777777778
791,47.16175726,8.288888889
791,54.89218788,9.444444444
791,53.74118847,11.55
792,68.58381544,7.8
792,82.15949669,5.011111111
792,64.05143603,6.483333333
792,69.39143572,7.85
793,60.795139,7.644444444
794,64.21904758,6.177777778
794,59.72216799,7.322222222
794,70.69598927,8.64
794,43.0530543,11.13333333
794,68.15064728,7.233333333
795,70.50641855,7.944444444
795,75.68810152,6.455555556
795,76.02107641,8.857142857
795,56.148248,6.822222222
795,59.25848707,7.111111111
797,61.27024641,8.044444444
798,62.52831817,7.16
799,98.95947669,5.033333333
799,56.16676867,8.811111111
800,57.31108294,7.411111111
800,52.23320289,8
800,87.79590253,4.844444444
800,74.0759761,6.555555556
801,77.1035525,6.088888889
801,74.91323981,8.1
802,86.09640471,5.122222222
803,77.60294765,5.5
803,66.87036283,7.022222222
803,54.20317232,6.277777778
804,67.04714159,5.822222222
804,65.74018675,6.166666667
805,62.07199827,6.783333333
806,77.09578969,6.844444444
806,67.06044766,6.9
807,59.7775,5.822222222
807,99.89212513,4.466666667
807,75.16203223,5.066666667
808,78.30360972,8.02
808,53.34469905,9.833333333
808,68.26458401,7.7
808,58.84822568,8.222222222
808,69.63150694,7.6
808,90.02226301,2.933333333
808,85.85158657,4.777777778
809,84.4517832,5.844444444
809,70.78700042,5.011111111
810,52.13139289,8.5
811,55.37801413,7.233333333
811,73.98841402,5.744444444
812,71.80781213,6.922222222
812,47.97659143,9.722222222
812,58.36109681,6.733333333
812,64.0079435,5.644444444
813,65.76523542,8.92
813,51.90884455,11.02222222
813,62.62434992,5.5125
816,53.66946288,8.733333333
816,59.98701847,7.488888889
816,97.05000465,5.122222222
817,63.21635328,8.466666667
817,65.29821399,5.933333333
817,76.33882265,7.133333333
818,99.32238537,5.411111111
819,70.61669944,6.388888889
819,68.24598045,6.733333333
819,42.48648023,10.41111111
819,69.4478401,6.6
820,60.8356646,8.922222222
820,65.61662936,7.888888889
820,71.1451737,7.122222222
820,68.89736649,5.444444444
820,50.76039445,7.644444444
821,64.49611426,7.333333333
821,66.41601109,6.866666667
823,88.42407919,5.45
823,86.56845437,5.455555556
823,60.35022852,5.977777778
824,81.47449778,5.333333333
824,58.15340794,8
825,53.34507652,10.2
826,64.62357156,8.055555556
826,67.73526938,6.822222222
826,55.71498916,7.45
826,63.67285627,8.211111111
826,78.0369965,4.46
826,75.12427359,5.355555556
826,77.28584444,5.255555556
827,70.1897669,6.733333333
827,80.80003406,5.755555556
827,84.81121741,4.788888889
828,57.2598131,7.455555556
828,57.11232435,6.611111111
828,61.92850864,6.977777778
829,59.98670994,8.555555556
829,80.84308942,5.722222222
829,78.45819513,6.377777778
829,83.13994708,6.133333333
829,87.47544911,4.844444444
830,66.12200647,6.722222222
830,77.55326359,5.255555556
830,55.73596647,9.94
830,61.78548694,7.088888889
831,100,4.822222222
832,96.44494067,4.544444444
832,57.42112998,9.288888889
832,81.20673856,6.388888889
834,79.89528076,6.183333333
834,68.86444248,6.644444444
835,79.76424066,5.711111111
835,53.02681802,8.8
835,63.39562009,5.833333333
836,64.92524567,7.688888889
836,61.2384424,9.04
836,99.8015873,3.955555556
836,72.21400537,6.088888889
836,70.11275351,5.544444444
837,36.56188202,11.28888889
837,88.71008743,4.577777778
837,71.90604553,5.388888889
837,69.47316334,6.144444444
837,72.97459085,5.155555556
840,77.98440335,5.622222222
840,87.40021551,5.311111111
841,73.9270818,6.033333333
841,68.63161173,7.255555556
841,47.93085259,9.533333333
841,68.51239888,6.528571429
843,56.68147927,8.366666667
843,62.40411877,7.755555556
843,71.56174051,6.766666667
843,53.76760858,7.1
844,69.00545028,6.688888889
844,66.92858411,8.0125
845,70.29532166,5.488888889
846,71.96936468,7.822222222
847,69.76230922,6.711111111
848,80.95593316,5.577777778
848,64.05326826,7.6
848,73.15360336,7.211111111
849,61.08843692,7.5
852,77.57393847,6.933333333
852,55.81663136,9.1
853,74.64377937,5.122222222
854,61.36258518,7.677777778
854,95.20393146,2.685714286
855,76.83385405,6.333333333
855,68.03351137,7.355555556
855,98.94272161,4.888888889
855,66.65584625,6.466666667
855,62.64741371,8.755555556
856,70.99639326,6.688888889
856,82.2810443,5.255555556
856,65.98576649,7.411111111
856,54.16320342,9.088888889
857,59.22038933,8.7
858,68.96488179,6.922222222
858,59.24778787,7.877777778
858,53.43229869,8.1
858,61.6015838,8.022222222
859,85.9319642,5.433333333
859,51.16252314,9.34
860,71.01258938,8.644444444
861,64.85418829,8.1
861,68.04671762,5.966666667
862,67.36277512,8.783333333
862,61.70343066,7.6
864,55.45001197,8.96
864,73.40428017,7.4375
866,72.9698685,8.033333333
867,82.31936159,5.3
867,74.27325733,7.211111111
868,64.48537564,6.266666667
869,64.16522088,7.466666667
869,67.14685622,5.988888889
869,100,4.3
870,61.81905678,6.788888889
871,85.21135899,5.533333333
871,66.66311415,7.3
872,82.65128249,5.622222222
872,97.17987134,5.5
872,76.35679873,6.6
873,73.90931071,5.866666667
873,70.3763344,6.75
873,67.08695051,8.011111111
874,64.0740554,7.066666667
874,66.1127127,7.888888889
874,65.26664306,7.133333333
874,94.41643503,4.744444444
875,80.92167139,6.3
875,69.0447537,7.011111111
876,61.19199487,8.577777778
877,78.66937624,5.788888889
877,66.66025021,8.15
877,80.82242494,6.311111111
878,74.58737286,6.422222222
878,69.16506764,6.925
878,78.6408552,6.866666667
879,69.50042179,7.844444444
879,43.53695839,10.03333333
879,70.34545273,5.966666667
880,81.16352442,6.566666667
880,75.75039096,6.1
880,77.02019804,6.066666667
881,72.04398719,6.8
881,60.94703891,5.822222222
881,65.31734016,6.455555556
882,73.07526689,7.466666667
883,59.14288583,7.266666667
884,66.07854251,7.011111111
884,60.2365559,8.144444444
886,81.54718985,5.355555556
886,53.35043266,9.457142857
887,78.63154086,6.833333333
887,78.68990443,6.455555556
887,72.15361077,6
888,67.1259944,7.022222222
889,70.05891598,7.144444444
889,98.26291047,5.514285714
890,78.32315169,5.4
890,60.36900459,8.066666667
890,80.69550288,5.455555556
891,77.23653344,6.455555556
891,84.44117606,5.677777778
891,61.76917076,7.222222222
891,76.40494801,5.177777778
891,44.18033309,7.688888889
891,86.77402257,4.633333333
891,99.55710101,5.1
892,89.73785921,5.255555556
892,40.19004043,10.23333333
893,72.35198981,8.177777778
894,73.85750466,6.588888889
895,79.38371596,7.044444444
895,57.64625965,8.72
895,78.86806371,6.65
896,66.97308454,6.977777778
897,57.28400903,8.433333333
897,58.5071386,6.366666667
897,82.18938341,5.744444444
898,55.91626574,9.433333333
898,45.48260595,10.82222222
899,96.68821562,5.1
899,57.07481977,9.188888889
900,65.40894741,6.475
900,68.38455808,7.555555556
900,65.71957432,7.5
900,59.4315197,7.983333333
900,75.66159248,5.511111111
901,43.61238085,10.03333333
901,75.61082668,5.433333333
901,65.89852931,5.955555556
902,63.67116086,6.488888889
902,71.22195285,6.8
902,78.5052536,4.811111111
902,80.36887468,6.466666667
903,66.55307569,7.2875
903,52.37967174,8.366666667
903,70.22757121,6.177777778
903,88.60283255,6.111111111
903,62.64419094,6.377777778
903,86.00150011,3.688888889
904,78.85603491,5.611111111
905,75.10556003,6.58
905,77.17066879,5.533333333
906,83.24015409,5.255555556
906,98.27463155,5.344444444
907,75.26983974,4.522222222
907,71.49951286,7.066666667
908,68.49107283,6.488888889
908,66.56234841,7.355555556
908,72.40759135,6.914285714
908,77.66031482,5.425
909,75.3722027,7.44
909,68.12532567,5.066666667
909,68.54910377,7.644444444
910,85.15698595,4.566666667
911,61.25388328,8.188888889
911,58.31841961,8.555555556
912,68.72311913,6.511111111
912,71.93149464,7.233333333
912,66.94471651,8.355555556
913,64.70412912,7.133333333
913,44.40755533,10.56666667
913,80.93964559,7.1875
913,40.90697322,8.82
914,80.23826695,5.566666667
914,69.96034924,7.966666667
914,60.96648051,7.777777778
915,45.91922362,11.01666667
915,51.69719225,8.288888889
916,99.73258507,4.288888889
916,76.3758223,6.077777778
917,76.48346982,5.933333333
917,75.18145643,6.844444444
917,66.2869739,8.522222222
918,75.57885265,5.2
918,88.86019632,5.655555556
918,99.59191185,5.466666667
918,66.39390717,6.888888889
919,81.71329376,5.533333333
919,68.19207968,6.366666667
919,64.14067501,7.75
919,82.38108656,5.133333333
919,56.40785128,7.755555556
920,66.28547342,6.355555556
920,74.52903332,6.6125
920,51.78906319,13.34
921,68.72272058,8.325
921,59.88365113,7.4
921,55.33791806,7.688888889
921,84.75721377,6.988888889
922,63.45135858,7.955555556
923,77.2920264,6.111111111
924,80.20988529,5.988888889
924,43.64097566,10.24444444
925,68.0950497,7.088888889
926,67.44497691,7.122222222
926,88.54866519,4.477777778
926,65.98506329,6.711111111
926,93.83831543,4.211111111
927,80.37672037,5.555555556
928,71.69569951,8.288888889
928,97.83041062,4.133333333
928,78.70168738,4.9
928,66.41135656,10.38571429
928,63.44727838,7.433333333
928,75.16939256,5.655555556
929,99.69347277,4.722222222
929,71.07174154,6.611111111
929,67.12609023,5.833333333
930,86.98127219,6.466666667
931,55.55728173,7.444444444
931,75.27513217,7.733333333
931,77.71201897,6.757142857
931,71.05871315,6.455555556
931,56.54762987,6.733333333
931,75.10530561,5.533333333
932,80.66317215,5.516666667
932,46.3945785,10.01111111
932,70.18237894,5.042857143
933,79.06809533,4.777777778
933,89.35686379,4.522222222
934,57.94884694,6.411111111
934,72.38777725,6.166666667
934,100,4.155555556
935,72.80445967,7.277777778
936,73.96428958,7.388888889
936,68.02784275,6.6
936,54.63063612,7.622222222
937,65.30895799,7.714285714
937,59.06464738,9.1375
938,87.33283237,4.877777778
939,67.56403865,6.855555556
940,49.07602276,7.222222222
940,83.70925636,6.1
940,70.20625248,6.3
940,63.22790922,8.78
940,60.1071933,8.916666667
940,63.70436221,5.4
942,99.62286194,4.533333333
942,55.34905307,9.055555556
942,82.31253441,5.577777778
943,72.14274521,7.377777778
943,76.44765172,5.933333333
943,79.97648029,5.344444444
943,61.76056889,8
944,57.64556255,7.955555556
944,99.73299746,4.833333333
944,58.33769459,5.822222222
945,68.65790428,6.7
946,46.06216598,7.433333333
946,63.58044584,6.877777778
947,59.46619413,7.766666667
947,91.43677843,6.566666667
947,55.02825156,8.211111111
947,45.12799788,10.06666667
947,98.69039808,4.622222222
948,96.74329767,5.044444444
948,72.56541593,8.255555556
949,62.1837797,7.566666667
950,67.97372851,7.033333333
950,84.58900856,6.277777778
950,98.50991516,4.622222222
950,76.97919462,5.855555556
951,64.51004431,8
951,72.1424041,6.688888889
951,54.30930572,10.76
951,71.24429033,4.988888889
951,65.2850408,6.788888889
952,61.62194969,8.511111111
952,75.97690096,6.388888889
952,59.30920688,8.755555556
952,54.21042097,7.166666667
954,52.29152209,9.6
955,58.53839227,8.344444444
956,60.46220195,7.177777778
957,74.00787229,7.055555556
957,73.67792867,6.633333333
959,62.34187021,7.055555556
959,65.47355799,7.066666667
960,64.66181172,7.133333333
960,60.08969366,8.144444444
962,47.85858547,8.016666667
963,92.67027532,4.355555556
963,59.94245579,6.988888889
963,59.84919198,6.533333333
964,73.19327134,6.822222222
964,82.76620393,5.866666667
964,73.38258684,5.788888889
965,72.014021,8.48
965,63.01562174,8.24
965,63.54153247,6
966,67.37741957,6.833333333
966,82.9280114,5.525
966,58.80234449,7.333333333
966,58.68288627,5.733333333
967,60.103672,7.133333333
967,67.20292977,7.242857143
967,50.05655418,6.377777778
968,77.18068755,6.144444444
968,73.26991513,7.4
968,72.88230436,5.344444444
969,78.84328056,8.95
969,41.91326162,10.16666667
970,60.50217357,9.766666667
971,65.40841501,6.255555556
972,65.55895275,8.3
975,70.21735129,7.011111111
976,51.64815934,8.733333333
977,78.00557392,5.1
978,85.03184987,6.255555556
979,63.27279392,6.722222222
980,64.41761196,7.3
980,66.9075109,6.877777778
981,93.51316604,3.744444444
981,69.86360229,6.5125
982,68.63316589,6.922222222
982,64.00591361,6.422222222
983,77.60562434,6.211111111
983,70.42782236,6
984,54.98031896,7.677777778
984,83.22010998,5.6
985,96.09123233,5.055555556
986,65.50346347,8.244444444
986,68.14036643,6.777777778
987,66.87622815,7.811111111
987,71.32594508,6.822222222
987,84.6409241,5.644444444
987,62.17040323,6.622222222
987,96.92649863,4.455555556
987,60.68329596,5.988888889
987,74.32194358,5.744444444
987,72.00470025,6.5
988,44.44692525,10.67777778
988,87.77630957,5
989,66.30662053,6.744444444
989,77.15750292,7.983333333
989,62.10017662,6.711111111
989,42.41544505,8.566666667
990,77.55106813,7.242857143
990,81.01778862,5.544444444
991,67.79585974,7.633333333
991,76.8790897,6.1
991,65.87709792,7.333333333
991,80.62658403,5.577777778
991,64.20606175,7.977777778
992,63.81592773,6.844444444
992,57.74609546,10.07777778
992,76.6078227,6.233333333
992,64.47430978,7.857142857
992,76.21619299,5.76
992,71.98741309,6.422222222
993,70.37173164,6.533333333
993,61.37539051,7.622222222
993,60.3106331,6.044444444
994,66.02110542,6.977777778
994,65.6075152,6.822222222
995,65.00072891,9.05
995,69.72859232,7.75
995,98.63889367,5.144444444
995,99.81537769,5.022222222
996,68.79567892,6.8
996,68.92166475,6.788888889
996,56.31848974,9.055555556
996,64.17835617,7.211111111
996,73.29729748,5.511111111
997,63.7767314,7.26
997,99.82428685,4.355555556
998,64.48772828,6.155555556
998,73.61999119,7.433333333
998,72.79813115,6.155555556
998,72.25482396,7.65
998,76.3658483,5.977777778
999,62.1876805,6.711111111
999,80.47101958,5.188888889
1000,63.41342501,7.555555556
1001,74.73572173,6.633333333
1002,69.27373487,7.0375
1002,79.29678369,6.122222222
1003,74.48356407,6.688888889
1003,83.5044331,6.583333333
1004,62.51538459,8.166666667
1004,59.18596898,7.944444444
1004,71.4905661,6.088888889
1005,54.18641197,9.122222222
1005,81.00782668,6.1
1005,98.26615316,4.588888889
1005,77.43704563,7.344444444
1006,74.50505022,5.4
1006,54.26495952,8.544444444
1009,65.4922214,6.444444444
1009,62.79621508,7.355555556
1009,49.30436832,8.35
1010,64.33555253,6.677777778
1010,52.97175593,8.122222222
1011,61.53695936,7.788888889
1011,64.80385603,7.444444444
1011,75.69896761,6.9375
1011,69.10809749,6.477777778
1011,98.62568092,4.866666667
1011,60.46683614,6.588888889
1011,41.9064298,9.4
1011,75.49615491,6.722222222
1013,71.09297573,7.322222222
1013,99.65856115,4.766666667
1013,90.23785135,5
1013,52.52627444,7.144444444
1013,78.96091856,4.933333333
1013,63.16237004,6.544444444
1014,74.95055397,6.533333333
1014,75.84309506,6.144444444
1014,56.48198301,8.86
1015,75.26096378,7.066666667
1015,98.92660761,4.422222222
1015,86.41170102,5.866666667
1015,77.62783665,5.866666667
1015,74.71113952,6.877777778
1016,99.43395379,5.333333333
1016,98.96084849,4.677777778
1016,60.2804331,8.111111111
1016,49.35053533,10
1017,47.74468047,9.166666667
1017,76.47927909,6.422222222
1018,75.85208051,7.766666667
1018,64.82980755,7.5
1018,68.96758452,5.855555556
1019,68.97601361,7.922222222
1019,71.94617837,7.244444444
1019,69.55346786,5.844444444
1020,57.84517049,7.344444444
1020,62.23352809,7.325
1020,80.31959808,4.133333333
1020,66.3076321,6.111111111
1021,66.14782462,6.444444444
1021,83.67225095,7.044444444
1021,99.60913868,5.244444444
1021,87.49312536,4.855555556
1021,74.31912527,5.622222222
1022,76.86397269,6.233333333
1022,82.06612631,5.755555556
1022,70.16523381,6.866666667
1022,58.66739334,7.2
1022,72.39761646,5.833333333
1023,54.99136312,9.577777778
1023,74.26039766,7.716666667
1023,84.80426118,6.622222222
1023,65.56626494,7.522222222
1024,66.62426948,7.088888889
1024,84.18669587,6.144444444
1024,76.24551853,6.733333333
1024,91.29984108,4.671428571
1025,77.16943595,6.777777778
1025,72.20505674,5.611111111
1025,74.93687327,5.155555556
1026,63.58156908,8.355555556
1026,82.51470136,4.744444444
1026,66.4703898,6.266666667
1027,65.08907932,6.833333333
1027,47.945831,9.955555556
1027,52.45710435,10.04
1027,38.70788145,11.1
1028,58.14483565,7.1875
1029,56.80969197,7.688888889
1029,81.07064452,6.888888889
1029,65.08731672,9.36
1029,81.96516061,7.6625
1029,61.43275353,8.466666667
1029,72.55501793,6.1
1029,84.10035242,7.311111111
1029,73.57473791,5.955555556
1030,77.44967233,6.044444444
1031,73.2159434,6.766666667
1031,62.31335672,7.188888889
1031,58.63634256,8.066666667
1031,75.44983769,5.722222222
1031,52.7748269,7.866666667
1031,53.24393161,7.588888889
1032,74.52132577,6.3625
1033,81.92048523,4.533333333
1033,71.83171574,7.85
1033,63.20144939,6.1
1034,80.28210525,6.588888889
1034,57.74433232,9.366666667
1034,74.59960138,6.455555556
1034,47.45502815,8.6
1035,70.57812079,7.377777778
1035,63.10797652,4.611111111
1036,66.82930904,6.066666667
1036,73.00012229,6.188888889
1036,99.1015831,4.288888889
1036,98.26005732,4.555555556
1037,72.354047,6.588888889
1037,51.0717092,6.722222222
1037,68.33107634,7.644444444
1037,79.79438774,6.555555556
1038,72.22643593,6.1
1038,66.73949747,7.677777778
1038,63.81935076,7.616666667
1039,70.71373891,6.833333333
1039,46.29997551,6.922222222
1040,83.28268128,3.744444444
1041,80.02409256,6.2
1041,72.14075155,7.455555556
1041,66.72601779,8.155555556
1041,64.53056001,6.888888889
1041,55.54201509,7.7
1041,58.86872011,5.233333333
1042,82.06267807,5.955555556
1042,58.24514209,7.111111111
1042,79.38309857,6.333333333
1042,66.49751012,6.611111111
1043,79.25723642,6.3
1043,76.62590258,8.233333333
1043,100,4.044444444
1044,63.78220593,7.9
1044,67.75379011,6.611111111
1044,99.33154362,5.14
1045,57.73325634,8.077777778
1045,62.66992805,7.255555556
1045,48.86262704,9.48
1045,60.93009143,5.955555556
1046,81.28321904,5.144444444
1046,53.24497068,6.644444444
1046,72.01963079,7.96
1046,66.66436534,7.155555556
1046,86.26544802,4.222222222
1046,71.29937681,6.48
1047,69.11605988,7.355555556
1047,69.38693192,7.366666667
1047,52.40283997,9.355555556
1047,73.99106873,6.322222222
1048,84.5294728,6.266666667
1048,82.64833923,6.288888889
1048,51.14945559,8.5
1048,71.41565912,4.475
1050,81.3928905,7.044444444
1050,68.57508415,7.033333333
1050,71.72952788,6.222222222
1050,78.85716952,5.977777778
1050,64.45013311,5.177777778
1051,84.64868099,6
1051,74.06968183,6.833333333
1051,77.28017695,6.3
1051,60.42637375,7.811111111
1051,69.41001951,5.922222222
1051,71.46179523,4.822222222
1051,66.47478464,5.777777778
1052,81.875639,6.928571429
1052,75.99983674,6.777777778
1052,76.09986133,6.7
1052,51.97551229,8.744444444
1053,64.18640412,8.822222222
1054,62.6709934,8.32
1054,100,4.777777778
1055,65.48507844,6.033333333
1055,73.37528287,6.766666667
1055,79.73131108,5.911111111
1055,84.55219145,5.911111111
1055,71.81465184,8.34
1056,66.92854741,7.614285714
1056,74.14431971,5.766666667
1056,99.29834421,4.2
1057,48.97319685,9.577777778
1057,64.83411163,6.955555556
1058,56.86383541,8.077777778
1059,71.72464949,6.344444444
1059,67.12137455,8.366666667
1059,73.46991981,8.175
1059,77.02590784,6.811111111
1060,76.45364811,7.555555556
1061,79.23382605,5.122222222
1061,66.14081359,5.722222222
1063,52.19363262,9
1063,69.33330137,7.488888889
1063,66.19880954,6.825
1064,65.72540493,7.311111111
1064,64.9267152,7.111111111
1064,68.46899244,8.033333333
1064,78.7694742,5.333333333
1065,67.83114206,7.985714286
1065,66.3974531,7.566666667
1065,59.61387064,5.511111111
1065,67.6110803,5.555555556
1065,66.26900615,6.433333333
1066,79.09678994,6.266666667
1067,68.71835763,6.155555556
1067,77.34381055,6.422222222
1067,48.70795428,8.96
1068,70.40681397,6.444444444
1068,72.44258186,6.377777778
1068,75.8095947,6.233333333
1068,63.42021401,6.677777778
1068,62.82977841,7.7
1069,68.15758329,7.611111111
1069,63.77699046,5.188888889
1070,78.19216596,6.233333333
1071,63.41555471,8.125
1071,100,4.211111111
1071,76.10240103,5.855555556
1072,73.02063165,7.783333333
1072,99.85929122,3.766666667
1072,99.81442506,4.433333333
1072,61.68048967,8.277777778
1072,68.78588145,6.088888889
1073,66.45897487,7.2
1073,67.0816689,7.2
1073,74.42855412,7.144444444
1074,98.15868728,4
1075,73.04573822,7.355555556
1075,70.06372035,6.6
1075,73.83304887,7.533333333
1075,79.96832177,5.833333333
1075,69.85328795,6.111111111
1076,89.95224162,4.211111111
1077,59.50085725,7.2
1077,67.072932,6.7
1077,70.83622921,6.8
1077,70.3024187,7.783333333
1077,86.33100728,5.533333333
1077,62.77167058,5.811111111
1078,64.97280384,6.555555556
1078,65.48972943,7.788888889
1078,54.4969968,7.511111111
1078,72.96378874,5.777777778
1078,54.40350526,8.3
1078,71.76488794,6.544444444
1078,91.33250667,4.822222222
1078,56.95190083,7.322222222
1079,60.25938991,7.911111111
1079,65.36530156,7.722222222
1080,61.61668929,8.211111111
1081,83.99693127,5.4375
1081,71.03349995,5.944444444
1082,84.63098153,5.488888889
1082,69.02087736,5.633333333
1082,75.04111802,8.185714286
1083,82.57113817,5.488888889
1085,75.98529561,6.677777778
1085,76.49226538,6.733333333
1085,87.00855766,4.7
1085,100,3.866666667
1086,64.00297571,7.733333333
1087,61.40992581,8.477777778
1088,73.91574841,6.633333333
1088,68.20056735,7.266666667
1088,99.41488113,4.833333333
1090,67.44989213,6.544444444
1091,81.3336316,5.488888889
1091,63.06177573,6.9375
1091,56.3422967,8.7
1091,77.60185811,6.888888889
1091,99.86067026,4.155555556
1091,71.04976492,6.2
1092,56.40714731,6.533333333
1093,76.54271632,6.077777778
1093,71.45270607,5.822222222
1093,99.59293292,4.266666667
1093,79.40648736,6.228571429
1093,65.92861583,6.488888889
1094,77.24760891,6
1095,64.37419259,8.783333333
1095,99.77006435,5.055555556
1095,56.83398137,7.433333333
1095,74.51689568,6.888888889
1096,62.13627244,7.055555556
1096,68.264616,6.777777778
1096,80.77064694,5.366666667
1097,70.01791005,7.66
1097,78.72020355,5.388888889
1097,62.28854623,6.688888889
1098,84.61764093,5.5
1098,60.91242976,5.955555556
1098,76.08905552,5.755555556
1099,73.65217857,7.111111111
1099,73.95062742,7.055555556
1099,71.68216775,6.277777778
1100,76.91550971,6.422222222
1100,68.23602455,7.366666667
1100,99.85754986,4.777777778
1101,66.54820341,7.5
1101,98.78154508,5.622222222
1101,65.92738412,7.733333333
1101,60.82564855,7.733333333
1101,90.91920693,4.3
1102,60.22630476,7.322222222
1103,82.66709776,5.977777778
1103,61.25555345,7.777777778
1103,67.17537168,7.02
1104,62.75921698,7.533333333
1104,68.03631998,6.855555556
1104,72.66370386,6.133333333
1105,74.21334627,5.788888889
1105,60.50327805,6.755555556
1106,73.08534417,5.533333333
1106,99.57393873,4.822222222
1106,81.94417135,6.314285714
1107,67.16154121,6.9
1107,85.05148111,5.888888889
1108,83.28086164,6.522222222
1108,81.42976464,5.744444444
1108,73.28756272,7.355555556
1108,61.26723039,10.28
1108,61.89566184,7.814285714
1109,59.0118257,7.422222222
1109,66.68339817,7.966666667
1109,71.62067013,7.277777778
1109,72.86865395,6.855555556
1110,59.11885456,8.411111111
1110,61.84879828,8.5
1111,61.23156316,6.744444444
1111,85.65525537,4.511111111
1112,57.10726122,8.722222222
1112,49.20822879,6.944444444
1113,56.80995456,8.516666667
1113,83.72304291,5.885714286
1113,74.79191626,5.722222222
1113,100,4.344444444
1114,64.54052703,7.311111111
1116,79.80502293,5.033333333
1116,67.98373958,7
1117,63.92515707,9.566666667
1117,99.35165755,4.711111111
1117,96.33183183,4.033333333
1117,55.11175772,7.455555556
1118,55.81491554,7.633333333
1118,69.08711019,8.244444444
1118,69.12382046,8.2
1118,59.98921587,6.4
1119,58.91951387,6.7
1119,74.58226814,5.322222222
1120,81.25108354,5.222222222
1120,52.36641532,8.822222222
1120,71.14549167,7.122222222
1120,62.37818342,5.944444444
1121,65.12560403,8.011111111
1121,69.54335427,6.777777778
1121,80.51716281,4.288888889
1121,81.52944892,5.622222222
1122,65.3495273,7.977777778
1123,67.13953524,5.777777778
1123,90.10471517,5.077777778
1123,73.09589461,5.111111111
1124,73.06714744,6.477777778
1124,44.09708801,11.08333333
1124,99.82432751,3.688888889
1125,77.4179092,6.866666667
1125,70.85305375,5.9
1126,96.44583969,4.544444444
1126,78.15795214,7.544444444
1126,59.50623154,8.64
1126,79.0605381,6.333333333
1126,99.35107376,4.477777778
1128,77.30783275,5.433333333
1128,71.09461056,6.333333333
1128,78.76549438,5.155555556
1128,74.00569282,4.811111111
1129,86.00279117,4.555555556
1129,100,4
1130,65.21090985,9.514285714
1130,81.05314785,7.133333333
1130,75.55880472,6.4125
1130,66.9005581,6
1131,64.06521972,7.922222222
1131,59.70810347,7.544444444
1132,83.17222883,5.477777778
1132,94.89931636,3.588888889
1132,62.26358814,5.588888889
1132,89.51223005,3.655555556
1133,93.01889304,3.811111111
1133,85.60852438,5.111111111
1133,99.91319444,3.955555556
1133,86.31744661,4.988888889
1134,71.57161589,8.255555556
1134,88.17883352,5.388888889
1135,70.97110421,6.477777778
1135,60.0972341,7.166666667
1135,72.74523974,5.525
1138,71.06020691,7.277777778
1138,66.18858357,6.455555556
1138,100,4.322222222
1139,76.37008785,7.2
1139,72.82525807,6.222222222
1140,73.18030738,7.844444444
1140,51.37222713,7.411111111
1140,83.47835368,4.766666667
1141,79.67523906,5.322222222
1141,73.27542806,6.2
1141,95.10244279,4.375
1141,50.428107,8.6
1141,99.74527465,4.922222222
1142,72.26975232,6.355555556
1143,90.03388727,5.122222222
1144,67.73103534,7.266666667
1145,79.1457381,5.933333333
1145,75.13989695,6.7
1146,77.99020984,7.7125
1146,59.15055733,8.6
1147,75.44008347,6.088888889
1148,60.90777446,8.8
1148,75.76581,5.844444444
1149,62.77127853,7.233333333
1150,56.72038355,8.183333333
1150,80.73000774,4.866666667
1151,49.1711567,9.077777778
1151,72.58174641,5.975
1152,75.69184996,6.188888889
1152,70.9554688,6.322222222
1152,75.43439832,5.233333333
1153,74.03854776,6.577777778
1153,75.37139186,4.822222222
1154,74.31739214,7
1154,64.40690252,7.111111111
1154,62.65822357,6.1
1155,70.80629281,6.5
1155,75.31863873,6.222222222
1155,62.28718362,7.333333333
1155,69.12085578,7.011111111
1155,73.10011355,5.588888889
1155,82.93217045,5.3
1156,89.64924859,5.466666667
1156,66.77814404,5.622222222
1157,65.39771907,10.95
1158,71.82263477,6.488888889
1158,64.96100898,7.971428571
1159,62.18813594,7.455555556
1159,97.56578594,5.811111111
1159,58.96050497,4.922222222
1159,59.60888181,6.288888889
1160,80.60031611,6.722222222
1160,66.74252344,6.811111111
1160,64.50834822,7.677777778
1160,85.52348411,5.455555556
1160,84.74129546,4.933333333
1161,72.83230608,6.144444444
1162,83.98401585,4.566666667
1163,79.89494331,7.511111111
1163,64.01947162,8.088888889
1163,99.56821111,4.122222222
1163,70.09948804,4.866666667
1164,72.25909124,6.055555556
1164,70.09125862,6.433333333
1164,99.90530303,4.8
1164,58.16174662,7.744444444
1165,70.1423184,7.075
1165,68.03287779,10.56
1165,69.40376777,6.455555556
1166,71.03552733,8.3
1166,78.29446174,6
1166,91.43662628,5.655555556
1166,99.77107802,4.044444444
1168,78.6906066,5.811111111
1168,81.50390315,5.966666667
1168,61.58483708,8.366666667
1168,77.88061568,5.611111111
1169,74.31378561,6.388888889
1170,74.66341093,5.7375
1170,73.45208324,6.811111111
1170,87.09151661,6
1171,72.01791196,6.966666667
1171,99.7419623,3.988888889
1172,74.36423838,6.655555556
1173,79.16013413,5.255555556
1173,69.99020916,9.011111111
1173,69.12925805,5.044444444
1173,73.30923241,6.955555556
1174,62.46278964,7.744444444
1174,59.39965445,7.122222222
1174,71.96925196,5.466666667
1175,66.66342647,6.622222222
1175,69.1436293,7.54
1177,66.76622676,9.733333333
1177,75.44136058,6.95
1177,55.00546622,7.9
1178,62.95887731,6.277777778
1178,73.26099113,7.244444444
1178,99.57294993,4.3
1178,73.75030584,7.1
1178,72.20883632,5.833333333
1179,60.90176285,7.655555556
1179,82.90870477,4.722222222
1179,84.74831429,3.455555556
1179,69.65712188,5.644444444
1180,66.75703511,6.7
1180,84.26204403,4.555555556
1181,53.64816406,6.944444444
1182,69.36174099,6.266666667
1182,92.13355399,3.844444444
1183,72.51011968,6.366666667
1183,87.48330147,6.311111111
1184,59.99800008,8.322222222
1184,63.42254935,6.3625
1184,66.0391562,6.742857143
1185,70.45972404,6.3
1185,99.91319444,4.966666667
1185,62.52000001,8.755555556
1185,81.27088576,5.311111111
1186,82.62338577,5.933333333
1186,75.72559394,7.333333333
1186,98.97126292,4.177777778
1186,64.85303858,6.755555556
1186,55.30908263,7.377777778
1186,55.91062458,7.522222222
1187,68.98888488,7.0625
1187,58.00934647,9.011111111
1187,74.50390021,5.566666667
1188,60.30321817,7.1
1188,68.55631173,6.211111111
1188,99.8951782,5.244444444
1188,73.85905065,6.477777778
1188,54.3206294,7.266666667
1190,66.36414773,7.344444444
1190,85.57294238,5.477777778
1190,72.44744341,6.714285714
1190,69.16742505,6.322222222
1190,82.9085407,4.444444444
1191,86.94161072,6.188888889
1191,53.04320147,5.657142857
1192,73.58797677,7.375
1192,67.23415987,5.76
1192,89.60997103,4.9
1192,65.71034886,6.555555556
1194,71.9795553,6.9
1194,99.23636363,3.988888889
1194,84.1753573,6.266666667
1197,70.8730045,6.544444444
1197,79.60375239,6.222222222
1198,65.28184787,7.1
1198,80.81889571,6.644444444
1198,53.98029553,7.777777778
1198,65.16407611,6.344444444
1199,74.38899178,6.6
1199,73.96803434,6.533333333
1199,99.43040869,5.066666667
1199,63.97752192,6.911111111
1199,99.25396578,4.4
1199,85.20548646,5.611111111
1200,79.26239737,4.888888889
1201,99.89224138,3.7375
1201,54.79163799,7.6125
1201,71.59416557,6.355555556
1202,80.11657539,5.577777778
1202,65.98989061,7.377777778
1202,82.48719841,5.044444444
1202,97.88858259,4.333333333
1203,71.64830613,6.3
1204,64.39083847,6.533333333
1205,83.27066791,5.322222222
1205,62.27278837,6.2
1205,100,5.288888889
1205,77.68578586,5.688888889
1205,79.40617162,6.144444444
1205,64.75219666,5.588888889
1206,63.30905121,8.866666667
1206,83.1743492,4.822222222
1206,62.10380577,7.833333333
1208,70.56165443,6.7875
1208,83.76301528,5.588888889
1209,88.84113861,5.433333333
1209,85.8432815,6.266666667
1209,69.86927171,6.477777778
1210,54.94333457,7.622222222
1210,68.81659651,7.255555556
1210,63.95892527,7.077777778
1210,77.50983153,5.944444444
1210,99.90253411,3.311111111
1211,72.13516334,6.188888889
1211,60.68995859,8.522222222
1211,71.1353492,7.777777778
1211,78.46505457,5.811111111
1211,98.90168137,5.811111111
1211,76.06535371,5.933333333
1211,71.21283495,5.611111111
1212,73.43322424,6.788888889
1212,77.9024054,6.255555556
1212,75.31181799,5.411111111
1212,68.24611456,6.055555556
1212,64.15188913,7.911111111
1213,83.82706555,5.522222222
1213,100,4.675
1214,73.1856949,6.022222222
1215,100,4.5
1215,90.41702136,4.466666667
1216,61.80103367,7.288888889
1216,63.90024138,7.133333333
1216,75.53546151,6.833333333
1216,99.86132644,4
1217,88.37135197,4.755555556
1217,66.88800371,7.188888889
1218,79.50261805,6.9
1218,71.01984224,7.033333333
1218,81.76344005,5.283333333
1219,79.37217242,4.844444444
1220,82.07150712,6.144444444
1221,58.8322335,7.888888889
1222,61.95537429,8.155555556
1222,72.27176572,6.2
1222,68.395353,7.455555556
1225,84.42472089,5.733333333
1226,54.5681613,7.622222222
1227,98.73738504,5.288888889
1228,72.04477984,6.675
1228,69.12827732,6.244444444
1229,76.50127348,5.944444444
1230,69.43779176,8.86
1230,76.33204963,5.988888889
1230,63.0119718,6.255555556
1230,90.92167462,5.5
1231,61.46025116,7.577777778
1231,75.6331484,6.677777778
1232,66.27457123,7.277777778
1233,81.95112978,5.422222222
1235,77.65068702,7.033333333
1235,54.43864468,8.766666667
1236,81.59435447,6.033333333
1236,64.44805904,7.544444444
1236,80.18473612,7.388888889
1236,99.83485124,4.433333333
1236,90.76411603,4.833333333
1236,73.34999168,6.766666667
1237,83.29617944,5.855555556
1237,60.75859781,8.016666667
1237,50.85214333,9.011111111
1238,65.13412166,6.644444444
1239,78.20359945,7.3
1239,87.87749089,5.733333333
1239,69.18743536,5.155555556
1240,78.91853463,6.177777778
1241,81.06036919,6.533333333
1241,51.00540216,9.377777778
1242,70.64748517,6.033333333
1242,90.49732732,5.25
1243,51.3541077,9.283333333
1243,60.62540939,8.266666667
1244,71.64785931,7.65
1244,88.4286617,5.022222222
1245,99.72066604,5.044444444
1246,80.55237047,6.277777778
1246,79.64512328,6.011111111
1246,56.59961311,8.688888889
1247,69.648715,7.077777778
1247,72.98286455,6.277777778
1247,63.58282301,8.3375
1247,79.1949275,4.766666667
1248,81.99440254,7.288888889
1248,99.33112784,4.577777778
1248,100,3.366666667
1248,57.75005836,6.922222222
1248,99.75602521,3.82
1249,100,5.022222222
1250,83.83748783,5.711111111
1250,82.1826601,7.214285714
1250,82.77844976,5.211111111
1251,73.81511062,6.333333333
1252,65.15113467,7.255555556
1252,43.91586985,9.5
1253,99.93757803,4.866666667
1254,54.96234889,9.22
1254,79.64976832,5.788888889
1255,66.36919824,6.877777778
1256,99.16652931,5.488888889
1256,85.24210548,4.766666667
1256,99.90636704,3.822222222
1257,70.5945337,6.566666667
1258,78.95245772,6.533333333
1258,68.12194326,7.366666667
1258,52.94416984,6.942857143
1258,86.5652399,5.366666667
1259,99.79879452,5.6
1259,85.1125423,5.533333333
1260,75.88786706,6.588888889
1260,62.48886843,7.255555556
1260,83.3399388,7.22
1260,91.66658067,4.022222222
1260,62.87759681,7.366666667
1261,71.81068634,7.35
1261,73.15176313,5.8
1261,93.16418428,5.388888889
1261,66.88774879,6.177777778
1262,70.3727668,8.242857143
1262,48.36034452,8.366666667
1262,99.92967651,5.255555556
1264,76.74529917,5.433333333
1264,64.73185087,6.4
1265,65.10878519,5.555555556
1266,65.02644122,7.271428571
1266,62.61242221,7.666666667
1266,77.43065338,8.785714286
1267,65.22135868,7.533333333
1268,76.39718423,6.033333333
1268,75.09450041,6.2
1268,99.46072852,4.333333333
1269,99.93131868,5.575
1270,73.154552,6.855555556
1270,83.15787373,6.233333333
1270,61.62183275,7.311111111
1271,56.85027033,10.6
1271,99.36592317,5.344444444
1271,99.85267143,5.455555556
1271,69.13934283,4.633333333
1271,61.56730495,6.377777778
1271,55.99360106,5.444444444
1272,50.97216492,8.944444444
1272,60.41799587,8.933333333
1273,67.92704432,6.077777778
1273,76.53132706,6.144444444
1274,99.05543445,5.455555556
1274,99.78070175,4.066666667
1275,74.64257877,7.344444444
1275,68.91152529,5.611111111
1277,83.02236348,6.044444444
1277,62.79393745,6.544444444
1277,70.29783683,7.383333333
1278,78.57613484,6.822222222
1279,80.30464642,4.788888889
1280,69.20460931,6.533333333
1281,80.46289832,6.077777778
1281,81.33338627,3.722222222
1282,87.41816334,5.188888889
1282,79.36266831,6.255555556
1282,80.01360174,5.966666667
1282,61.35673992,7.488888889
1283,81.85201503,6.075
1284,55.52161343,8.666666667
1284,99.84984985,4.688888889
1284,72.33985707,5.044444444
1284,74.87148474,6.488888889
1284,69.84893362,6
1285,80.37420927,6.857142857
1286,57.36486927,8.133333333
1287,71.96079781,6
1287,62.22223439,8.233333333
1288,72.63555731,5.677777778
1288,59.61383249,7.177777778
1288,67.60180299,9.35
1288,99.82006003,4.255555556
1288,71.1503825,6.777777778
1289,99.19780067,4.888888889
1290,99.93861265,5.055555556
1290,74.71641136,6.744444444
1292,73.16798885,6.155555556
1292,75.46339158,6.7
1292,76.4594976,5.877777778
1292,75.07104245,7.866666667
1292,99.79040521,3.455555556
1293,72.96196802,7.055555556
1293,76.55040083,4.155555556
1293,69.6998215,6.444444444
1293,64.02149236,6.111111111
1294,68.47566549,7.333333333
1294,99.83478577,4.3
1294,78.9201312,5.522222222
1294,48.5565934,10.9
1295,81.77277625,3.7
1297,62.35338695,8.366666667
1298,75.89972003,6.166666667
1299,53.705201,6.944444444
1299,64.21922793,7.522222222
1299,62.87185295,7.344444444
1300,70.54889693,7.411111111
1300,60.58140434,6.933333333
1301,82.89080798,5.86
1301,69.51448314,7.444444444
1302,60.21719845,7.555555556
1302,71.83073818,5.888888889
1302,66.71265552,7.122222222
1303,70.97456568,6.977777778
1303,73.25058832,6.011111111
1303,59.58799696,11.41666667
1304,81.86667473,7.133333333
1304,69.42121689,5.066666667
1305,85.66226123,5.677777778
1305,51.85269129,7.322222222
1305,56.38894691,6.9375
1306,77.96977896,6.088888889
1306,78.70247899,4.477777778
1306,68.11606323,6.822222222
1307,58.55862521,7.611111111
1307,87.3012423,5.522222222
1309,70.24140552,7.144444444
1310,75.69847135,6.077777778
1311,99.7530788,4.233333333
1312,67.51818377,7.1
1312,100,2.9
1314,71.67589576,6.766666667
1314,70.64798573,7.122222222
1314,60.54944087,6.488888889
1314,99.91319444,3.288888889
1315,64.51216889,7.244444444
1315,85.32441825,5.511111111
1318,85.38296532,4.611111111
1318,74.85996883,6.822222222
1318,67.66237776,5.966666667
1319,82.4971063,6.5
1319,79.23001099,6.96
1320,60.81109672,8.222222222
1321,71.20153637,7.188888889
1321,51.50410447,9.55
1321,76.83710627,6.077777778
1322,84.27452887,6.344444444
1322,56.49742309,8.877777778
1322,99.68167224,4.733333333
1322,62.5048886,6.522222222
1323,77.46909953,5.755555556
1323,75.75031972,5.733333333
1324,64.79192817,6.844444444
1324,100,4.677777778
1325,63.94596233,8.066666667
1325,82.25193516,5.466666667
1325,100,3.8
1326,70.31444119,9.28
1326,87.47130131,5.4
1326,99.63364969,4.677777778
1327,73.80657284,7.4125
1328,69.55884872,6.411111111
1328,57.09827872,8.077777778
1328,76.67697351,5.988888889
1329,79.34474669,5.322222222
1329,74.98571521,9.08
1329,81.20148227,5.744444444
1329,81.54152891,5.055555556
1330,83.3385903,5.422222222
1331,78.59813358,6.422222222
1332,71.93248666,7.416666667
1332,82.2002505,6.144444444
1333,65.22685301,6.466666667
1333,71.94384047,7.266666667
1335,67.20694609,9.28
1335,69.64065291,7.166666667
1335,64.2199119,6.622222222
1335,62.78593255,6.788888889
1336,80.49670827,5.822222222
1338,65.32002378,6.566666667
1338,74.54582773,6.883333333
1338,64.70087253,6.744444444
1339,80.70325982,6.711111111
1340,81.95084501,6.244444444
1340,77.92646573,6.111111111
1340,83.67694355,6
1341,63.43878283,8.011111111
1341,71.61832026,5.777777778
1342,99.92592593,3.533333333
1344,99.87922349,5.155555556
1344,83.41310025,4.96
1345,62.28469205,7.011111111
1345,68.81191201,5.588888889
1346,48.75031235,8.78
1347,74.66275517,6.777777778
1348,99.86191345,5.366666667
1348,76.55346506,3.5
1349,73.67958519,7.055555556
1349,59.71425222,8.366666667
1350,99.75795903,3.6
1351,73.40831616,4.788888889
1352,81.18978561,4.788888889
1353,75.83395745,3.744444444
1354,62.28617401,7.411111111
1354,75.88234682,6.614285714
1354,73.78461613,6.457142857
1355,73.13158862,6.855555556
1355,80.37783917,7.225
1355,63.35445664,6.5
1356,84.63497616,4.222222222
1356,87.5758702,5.522222222
1357,71.5082915,6.655555556
1357,77.3201138,7.644444444
1357,91.2104355,4.744444444
1357,59.47889041,8.188888889
1358,51.58665107,8.355555556
1358,81.05202321,6.033333333
1358,83.02258662,4.633333333
1358,86.14146026,4.566666667
1358,70.41387259,7.1
1358,99.81735023,5.522222222
1358,100,5.577777778
1359,83.54980963,5.755555556
1359,67.62907515,6.677777778
1360,70.75603688,6.477777778
1361,57.58956617,8.388888889
1361,99.29042709,4.877777778
1362,67.20885985,7.166666667
1362,95.48981186,6.233333333
1364,65.16555872,7.133333333
1365,86.96332541,5.366666667
1366,62.66480744,7.675
1367,73.08627396,6.8
1367,83.70000246,5.522222222
1367,78.16661118,4.933333333
1368,99.87922705,5.155555556
1368,60.89940343,8.544444444
1369,58.53224726,8.011111111
1371,69.54729067,6.933333333
1371,72.51285062,7.1
1372,63.87586213,7.055555556
1372,73.7002567,5.366666667
1373,74.12165473,7.36
1373,82.02551142,4.111111111
1374,67.94007946,7.242857143
1374,99.82195333,3.5
1374,70.42872667,5.7625
1375,75.30244606,8.76
1375,60.06682511,6.711111111
1377,99.53635806,3.866666667
1379,63.93955337,6.466666667
1379,85.71181816,4.344444444
1380,64.54965277,9.85
1380,60.08756905,8.2
1381,80.44526524,5.733333333
1381,87.79778662,6.6
1381,91.53875381,5.633333333
1381,64.31776128,6.422222222
1381,83.23193788,6.111111111
1382,78.17453494,7.166666667
1382,50.59537339,6.266666667
1382,72.06814695,6.5
1383,75.73995784,5.688888889
1383,81.06749567,6.122222222
1384,76.26459776,6.177777778
1384,58.02309686,6.144444444
1384,99.83551198,3.7
1386,83.41378226,5.766666667
1388,98.13402156,6.055555556
1389,73.55463868,5.166666667
1391,65.71050184,8.5
1392,64.40164133,6.755555556
1392,75.00520259,5.966666667
1393,77.75057599,6.277777778
1393,77.36997252,5.277777778
1394,63.47294522,7.977777778
1394,72.81970082,6.833333333
1394,58.81397094,7.088888889
1394,84.293567,4.655555556
1394,78.93168085,5.422222222
1396,65.28170701,6.722222222
1396,65.85549009,6.955555556
1396,58.45241565,7.611111111
1396,84.814498,5.977777778
1397,72.11827451,6.222222222
1398,93.03847516,5.144444444
1398,76.37085985,5.733333333
1400,83.59177529,5.6
1400,79.74924191,5.533333333
1400,78.04258683,6.411111111
1400,66.95343672,5.844444444
1401,78.34886001,5.555555556
1401,73.9143561,6.5
1401,73.18740389,5.6
1401,53.43803649,7.911111111
1402,71.90043731,6.444444444
1403,73.60249731,5.855555556
1404,73.80169181,6.983333333
1407,76.60179242,6.822222222
1408,85.82021292,4.277777778
1409,74.2924749,6.588888889
1409,99.66269303,5.311111111
1410,70.95031819,5.4
1410,72.84638261,7.377777778
1410,65.99396354,7.577777778
1410,58.94571751,7.344444444
1410,81.7635935,6.45
1411,82.05383813,5.411111111
1411,53.44676505,8.133333333
1412,64.83051567,7.777777778
1413,99.7410737,4.266666667
1413,79.22935712,5.611111111
1414,77.76614153,5.933333333
1415,60.14051131,6.833333333
1415,99.40210856,5.322222222
1415,58.63849271,11.06666667
1415,81.62369681,4.766666667
1416,82.25020722,6.4125
1416,61.15875316,8.144444444
1416,68.43061585,8.222222222
1418,69.39948382,6.088888889
1419,74.58145946,4.422222222
1421,63.18407063,6.777777778
1421,78.24654047,7.071428571
1421,94.57142857,4.166666667
1422,71.62014567,5.833333333
1422,78.57348653,5.633333333
1422,84.22819215,5.155555556
1422,82.18195455,5.466666667
1423,73.5254742,5.588888889
1427,76.9181892,6.4
1427,66.78522629,7.733333333
1427,76.57678907,5.911111111
1428,64.5712699,8.72
1428,73.97377543,6.311111111
1428,87.76708205,5.244444444
1428,56.98671562,7.4
1429,65.2681146,5.828571429
1429,90.68364922,3.733333333
1429,72.9186805,6.244444444
1429,66.61887999,7.622222222
1429,92.90541144,5.411111111
1430,63.18716699,7.8
1430,98.59052864,8.122222222
1431,63.81897669,7.533333333
1431,60.01856596,7.822222222
1432,77.92084166,5.877777778
1433,70.81922775,5.711111111
1434,81.32726657,6.211111111
1435,76.3586917,6.233333333
1436,72.66496028,6.822222222
1436,78.83802382,6.066666667
1436,73.22553253,6.655555556
1437,80.51347895,6.455555556
1437,81.57002625,5.233333333
1437,77.2050186,6.977777778
1437,55.84706905,7.555555556
1437,57.68359597,8.366666667
1437,89.08487067,5.111111111
1437,80.16487951,5.633333333
1438,59.99613187,7.522222222
1438,77.67598548,4.688888889
1438,63.7264931,6.077777778
1439,72.29735849,6.3
1439,48.260044,7.744444444
1439,62.9910855,8.057142857
1440,65.66396682,6.925
1440,34.1361055,7.733333333
1441,84.50158051,5.477777778
1441,68.56529919,6.166666667
1441,88.53601961,3.855555556
1442,73.23480721,6.333333333
1443,80.48283459,6.1
1443,68.32819714,7.077777778
1445,71.45342923,7.5375
1445,71.0231214,5.366666667
1446,76.12601054,6.7
1447,64.0649262,10.14285714
1447,65.74668955,5.622222222
1447,77.70231234,6.388888889
1448,78.50142726,6.077777778
1448,58.16776229,6.666666667
1449,77.03632488,6.766666667
1449,43.82221952,8.944444444
1449,79.8080007,5.355555556
1450,57.60328992,8.977777778
1450,91.37014907,5.0625
1451,60.3736925,7.233333333
1451,72.05159974,6.911111111
1451,92.26644635,4.966666667
1451,85.0571561,5.1
1451,58.24013483,7.966666667
1451,58.8605323,6.8875
1452,73.98880476,9.9
1453,77.01962863,6.088888889
1453,74.12154745,8.244444444
1454,62.01653785,7.8
1454,77.43624743,6.5
1454,60.00103679,7.233333333
1454,90.56803067,5.522222222
1454,59.90872036,7.288888889
1458,81.27717996,6.244444444
1458,63.02796942,6.277777778
1459,89.09931924,4.344444444
1459,79.36930351,6.133333333
1460,50.39085528,7.533333333
1461,77.52858547,5.766666667
1461,58.49028092,6.522222222
1461,72.45348512,4.922222222
1462,99.78143539,3.988888889
1463,77.50515731,6.544444444
1464,78.25523555,6.477777778
1464,94.47529048,5.1
1465,72.71057916,6.788888889
1465,80.09083434,6.066666667
1465,77.92368951,6.044444444
1465,57.63437545,7.388888889
1467,88.50408803,4.744444444
1468,97.02922366,4.466666667
1468,99.83684598,3.755555556
1469,73.14802797,5.777777778
1471,79.56136828,6.2
1471,74.66124596,5.6
1471,51.95313555,7.822222222
1471,77.46600029,5.522222222
1472,74.42433782,7.1375
1472,73.19903265,6.222222222
1474,67.76466549,6.377777778
1475,81.64962523,6.9
1475,99.92542878,3.9
1476,88.84909613,5.355555556
1476,64.24222364,6.922222222
1476,60.60760004,8.011111111
1476,77.65366916,5.6
1477,65.38889768,7.833333333
1477,72.43238797,6.044444444
1477,66.90373603,7.566666667
1477,84.90678611,5.522222222
1478,72.63337975,5.922222222
1479,81.465373,5.922222222
1479,85.8662764,5.522222222
1479,98.53411593,4.577777778
1479,75.07991147,6.111111111
1480,74.11927576,5.522222222
1481,77.46340193,5.966666667
1481,72.78300848,6.277777778
1482,75.63003585,6.122222222
1484,69.93083553,5.933333333
1485,70.1112103,6.166666667
1486,76.54515631,5.922222222
1487,61.81449294,6.988888889
1488,82.44424137,5.433333333
1488,66.23836222,6.988888889
1489,61.56118522,7.233333333
1489,78.7067213,5.822222222
1490,75.42852738,5.822222222
1491,59.61563531,7.688888889
1491,79.95716046,5.377777778
1492,66.76641609,7.6125
1492,86.1231235,5.088888889
1493,72.73068794,6.077777778
1493,98.82207941,4.888888889
1494,99.93792675,4.811111111
1495,68.37375826,6.155555556
1496,76.02921319,7.55
1496,83.04946668,5.388888889
1497,77.02843901,6.744444444
1497,68.21861708,5.833333333
1498,64.86772453,8.011111111
1499,82.94474683,4.888888889
1499,84.22302057,4.377777778
1499,100,5.633333333
1499,81.36769401,5.444444444
1500,85.81881888,5.666666667
1500,73.41539922,6.188888889
1500,71.51588204,5.566666667
1501,77.03915264,6.255555556
1501,79.54481506,5.222222222
1502,84.04687114,5.966666667
1502,99.76576268,3.166666667
1502,70.60107144,5.5
1503,85.39501686,6.077777778
1503,54.33751264,10.2
1503,71.50435139,4
1504,84.32289267,5.522222222
1506,70.39318996,6.8
1507,71.29662654,6.433333333
1507,83.45398794,4.9
1507,64.98189468,6.088888889
1507,70.97907488,6.055555556
1508,74.76147904,6.811111111
1510,84.13914493,5.688888889
1510,79.00546348,4.266666667
1510,77.40009042,5.3
1511,85.83027582,5.6
1511,81.2137022,3.022222222
1511,63.1646427,6.8
1512,55.30637959,7.977777778
1513,81.04520619,7.7
1513,76.33674469,5.888888889
1514,57.21547394,5.333333333
1514,71.94839774,5.9
1515,75.60556542,4.811111111
1515,85.63313419,5.455555556
1516,43.1869958,9.744444444
1517,99.66097014,3.666666667
1518,61.05239454,5.911111111
1519,79.95536031,5.222222222
1520,64.7486348,7.044444444
1521,66.37550443,6.344444444
1522,78.82467191,6.811111111
1522,67.89723541,6.255555556
1523,66.70652376,7.666666667
1523,67.27851589,7.944444444
1524,69.66403099,6.522222222
1524,82.80390301,5.088888889
1524,72.92765828,6.644444444
1525,73.39714277,6.666666667
1525,62.80250022,7.755555556
1526,66.96077046,6.722222222
1527,70.94280811,7.957142857
1528,77.19047262,5.477777778
1528,85.04546206,5.633333333
1528,99.68547027,4.011111111
1529,70.69395115,6.2
1531,69.39870136,6.433333333
1533,71.14306193,7.1125
1534,69.10102988,5.888888889
1534,64.54434491,6.442857143
1534,68.73744239,6.7
1535,70.21636034,6.977777778
1535,77.20580544,6.544444444
1536,82.1907751,5.266666667
1538,81.54081904,6.055555556
1538,86.9267108,5.844444444
1538,64.36242854,6.8
1541,70.04580576,6.811111111
1541,93.36200841,5
1541,73.50733586,4.911111111
1542,61.89779385,6.566666667
1542,76.99638504,3.855555556
1543,90.49790725,5.444444444
1543,99.14135947,4.644444444
1543,76.31881615,5.9
1543,99.63620541,3.366666667
1544,63.54465668,7.633333333
1544,66.633322,6.9
1545,63.20006077,7.233333333
1545,85.36915853,5.966666667
1547,78.08843191,6.311111111
1547,76.50646366,5.655555556
1547,77.20924902,5.988888889
1547,99.89392674,4.611111111
1549,78.6197007,7.233333333
1550,93.9304564,4.866666667
1550,89.44716487,4.933333333
1551,82.808866,6.644444444
1551,99.00326769,4.855555556
1552,72.92583911,5.533333333
1553,86.05551598,4.5
1554,62.85525103,8.933333333
1554,77.31597815,6.4
1554,80.19697466,6.533333333
1554,76.54381088,4.6
1555,77.83159567,6.311111111
1557,69.35300866,6.844444444
1557,79.8386516,6.044444444
1558,74.67137586,6.933333333
1558,82.92819132,6.766666667
1559,78.70244076,7.233333333
1559,78.7020825,6.388888889
1559,56.54067881,8.077777778
1561,71.76614045,6.611111111
1561,83.02764309,4.9625
1561,74.29285823,6.488888889
1564,74.3489678,6.044444444
1565,78.25979411,6.477777778
1565,92.15933103,4.066666667
1565,76.67040905,6.566666667
1569,71.87740605,6.0125
1569,70.21459073,6.555555556
1570,80.11757192,5.355555556
1571,69.56793693,6.111111111
1571,75.95945692,6.088888889
1571,83.53050048,4.944444444
1572,72.1971773,5.588888889
1572,85.72695592,5.622222222
1573,75.89952517,6.855555556
1573,72.09879696,6.1
1574,76.65285388,5.077777778
1575,60.78032815,8
1575,68.34731414,7.244444444
1576,89.14951044,4.844444444
1576,64.6577222,7.433333333
1576,72.54255973,6.344444444
1576,75.66675977,6.322222222
1577,75.22006403,5.988888889
1577,71.13755634,5.3
1579,87.90689727,6.1
1580,83.15323372,5.366666667
1580,85.72967436,4.355555556
1582,53.68880819,8.655555556
1584,81.52525715,6.766666667
1584,70.47418305,7.46
1585,71.30039894,6.266666667
1587,55.31176596,8.066666667
1589,69.76763591,5.888888889
1590,76.72985633,6.855555556
1590,78.76607773,5.8
1590,77.80967987,6.222222222
1590,78.03694624,5.344444444
1592,80.69231578,6.888888889
1592,81.88073347,5.2
1592,93.08979848,5.033333333
1592,77.1177961,5.1375
1595,70.01198955,6.133333333
1596,74.32754664,6.511111111
1597,84.87001524,6.077777778
1598,88.60536667,4.766666667
1599,71.11810313,5.233333333
1599,73.45813953,6.477777778
1600,67.67288617,7.166666667
1600,77.50350824,5.355555556
1602,77.44561182,7.188888889
1605,76.09813976,6.166666667
1605,86.39541322,5
1606,69.96040495,5.933333333
1606,70.22955363,6.577777778
1606,77.9704339,6.0125
1606,77.13855194,5.211111111
1607,73.16929065,6.8
1610,57.35819471,5.366666667
1610,95.50718012,5.811111111
1611,71.21848967,8.185714286
1613,78.54117452,5.6
1614,71.97773034,6.5125
1614,67.85989862,5.588888889
1614,67.93563078,6.433333333
1615,78.65513861,6.771428571
1615,79.08100989,4.6
1616,52.35987312,5.7
1617,70.12190263,6.511111111
1617,70.76119597,8.66
1618,77.79600478,5.211111111
1620,79.63080347,5.788888889
1620,69.14150965,6.5
1622,76.0805759,6.066666667
1623,80.73777425,8.22
1625,66.72064535,7.188888889
1626,81.66587859,6.155555556
1626,81.34073434,7.188888889
1626,91.56085646,5.822222222
1627,84.54645707,5.922222222
1627,86.82877849,5.122222222
1628,73.07321174,5.255555556
1631,85.51923251,4.888888889
1633,95.91770024,3.3
1633,78.74564874,5.988888889
1635,76.82011883,6.955555556
1638,82.57433791,6.455555556
1639,82.71701462,6.188888889
1639,91.90095641,4.855555556
1641,73.63004334,6.142857143
1642,81.50901608,4.7
1643,81.81113269,5.911111111
1643,54.73364733,6.855555556
1644,83.64744587,6.111111111
1645,99.50112873,3.355555556
1647,76.87048716,5.855555556
1647,69.07568566,5.5
1647,76.88069487,4.68
1649,76.02857527,5.3
1650,82.13956754,5.588888889
1651,81.19690497,6.144444444
1651,89.29501356,4.366666667
1651,85.22534808,5.4
1652,65.97290186,7.157142857
1653,75.23468755,6.566666667
1653,86.4099115,4.5
1654,75.38098216,5.777777778
1655,78.15923567,6.644444444
1657,81.41134379,5.055555556
1659,62.51012194,6.8
1660,74.29605013,6.788888889
1660,85.42657315,5.4
1662,80.68672435,7.3
1664,99.80732177,3.044444444
1665,67.05400224,7.011111111
1666,89.7507812,5.088888889
1667,84.72223329,6.6
1669,82.35762334,4.466666667
1670,73.87924608,7.066666667
1670,79.22099411,4.644444444
1670,99.68608539,3.388888889
1672,72.98748722,7.28
1672,72.26133235,6.322222222
1672,59.59122851,6.511111111
1674,82.74865715,6.257142857
1675,82.55292365,5.86
1675,70.46417177,7.677777778
1676,90.8881929,5.933333333
1679,74.08720748,5.855555556
1682,52.53438097,9.355555556
1685,79.27838066,6.044444444
1685,43.14097099,8.36
1686,55.00090151,6.211111111
1686,66.75264898,6.133333333
1687,82.94817397,5.388888889
1688,81.06930799,5.333333333
1688,76.94025743,5.222222222
1690,86.50646617,5.022222222
1692,70.63055637,4.811111111
1696,64.07099749,7.585714286
1697,86.84722257,5.688888889
1700,72.47649869,5.177777778
1702,76.90662963,6.5
1702,80.62252479,6.388888889
1703,80.3470379,6.077777778
1704,72.00939943,7.6
1705,91.80098108,4.777777778
1705,82.72823674,5.2
1706,74.68522592,6.933333333
1706,58.67446218,8.177777778
1707,86.3727301,5.588888889
1708,73.17337152,7.275
1709,76.26758123,6.477777778
1711,84.17537207,5.888888889
1712,80.59129182,7.044444444
1712,74.93828392,6.35
1713,56.2943238,9.211111111
1713,92.53463939,4.066666667
1714,77.02681348,6.8
1715,85.94766136,6.322222222
1716,65.90101301,9.416666667
1719,72.14314614,6.577777778
1721,71.72860155,6.122222222
1724,72.77070651,6.455555556
1726,79.01392154,7.5
1728,82.75968365,6.311111111
1730,74.60321272,5.933333333
1731,52.93219353,8.833333333
1733,87.66152881,5.811111111
1736,72.50318825,6.266666667
1737,77.75583277,5.2875
1739,75.58642017,4.211111111
1740,99.31803319,4.244444444
1741,83.44775062,5.4
1742,61.54293342,6.633333333
1743,80.18454557,6.122222222
1746,70.54765822,7.377777778
1747,44.91918998,6.166666667
1749,82.23884294,4.944444444
1752,74.85664727,5.166666667
1760,71.96467348,6.255555556
1760,87.79626503,4.322222222
1762,83.95852594,5.055555556
1763,71.37141123,6.822222222
1763,85.81727679,5.044444444
1765,84.00039155,5.088888889
1765,84.47430896,6.333333333
1770,90.20414232,5.288888889
1771,83.92637726,5.322222222
1773,83.91073664,4.966666667
1773,75.15277341,4.711111111
1775,82.32097061,5.833333333
1777,72.8012954,6.122222222
1778,79.27445055,5.777777778
1779,79.35133145,4.95
1780,84.9081243,5.822222222
1780,92.46724937,3.9
1780,75.39968057,6.055555556
1781,80.10519354,5.733333333
1782,86.11056944,5.155555556
1783,71.34392843,7.233333333
1783,74.93735735,6.166666667
1784,81.23237303,5.666666667
1784,81.16996316,5.244444444
1786,68.14722577,6.433333333
1787,78.69602334,6.271428571
1788,75.98964013,6.655555556
1789,76.11799728,6.044444444
1799,99.29180274,5.411111111
1800,78.64935252,6.466666667
1805,86.80174684,6.388888889
1810,76.00794147,6.42
1814,77.74620927,5.877777778
1815,70.37987335,5.844444444
1817,87.2635284,4.733333333
1817,89.63614667,4.033333333
1818,77.80573882,6.1
1820,85.68768709,5.4
1822,82.31956525,4.466666667
1823,90.00394955,4.844444444
1830,84.41017044,4.688888889
1831,59.50849628,7.577777778
1834,79.74035296,7.133333333
1841,64.394113,7
1845,69.44365475,6.9
1845,66.92912549,7.4
1847,64.94690759,7.222222222
1848,76.44303993,6.922222222
1849,91.82707025,4.383333333
1851,67.23220514,6.266666667
1854,85.39942576,5.9
1854,62.92589855,6.588888889
1854,69.51280615,6.444444444
1856,74.47921073,6.477777778
1858,75.40894334,5.933333333
1859,79.97315608,4.722222222
1860,71.38738144,6.366666667
1862,72.63540394,7.044444444
1863,60.21872683,8.966666667
1867,72.90515606,7.8
1868,59.39684655,7.511111111
1870,87.01542403,5.733333333
1872,84.8775981,5.477777778
1878,69.42953794,7.544444444
1880,82.43262744,5.4
1880,87.21387927,5.066666667
1883,79.17240663,7.011111111
1883,77.80858809,6.577777778
1884,77.01625533,4.466666667
1885,90.84373915,4.633333333
1886,66.145079,5.211111111
1890,73.13136419,5.377777778
1892,89.42862256,5.066666667
1902,99.79121588,5.244444444
1904,73.2326644,6.822222222
1907,84.30616449,5.166666667
1920,54.42963027,6.244444444
1922,84.01238545,5.1
1923,85.63823803,5.455555556
1924,74.41493587,5.388888889
1927,81.24288139,6.4
1927,72.96007685,6.177777778
1930,85.48109331,5.211111111
1932,84.98581404,6
1937,76.6266637,6.911111111
1938,86.03132927,5.588888889
1943,79.93785347,5.711111111
1952,90.65043009,4.966666667
1957,64.51290495,6.988888889
1960,70.49357642,7.2
1961,78.79872527,6
1962,83.86964545,5.533333333
1966,74.52407402,6.277777778
1984,59.81381638,9.466666667
1994,85.67728596,4.444444444
1997,72.56582712,5.855555556
2000,79.73019198,5.588888889
2002,81.03588766,5.7
2003,74.01193721,7.3
2008,84.2699106,6.188888889
2012,71.10673727,4.988888889
2015,70.06693702,6.833333333
2015,82.68315787,5.666666667
2018,70.47346252,6.322222222
2021,74.25435085,6.244444444
2023,85.22573785,4.8
2026,89.7592126,5.088888889
2032,79.94626384,5.133333333
2038,74.25865549,6.633333333
2040,91.32172044,6.011111111
2044,76.7168087,5.288888889
2051,79.22928098,6.911111111
2064,72.15220495,6.455555556
2066,65.03322302,7.111111111
2067,80.01469981,5.533333333
2070,87.54685808,5.6
2087,79.91149158,5.833333333
2097,80.54939628,5.711111111
2103,74.52993125,7.822222222
2103,80.85110837,5.877777778
2106,85.75923895,5.511111111
2108,78.84952979,4.711111111
2109,77.08321214,5.822222222
2119,83.66678713,5.6
2121,56.41105266,7.077777778
2134,82.1134129,5.011111111
2134,69.09912859,7.011111111
2172,85.08650364,5.833333333
2192,88.18203766,4.966666667
2212,79.24451795,6.466666667
2230,86.6592099,5.677777778
2267,78.79772476,6.144444444
2290,76.79303292,7.555555556
2308,62.20993893,6.555555556
2323,81.02395423,6.422222222
2329,67.520458,7.333333333
2336,73.03253839,6.122222222
2343,90.20323821,5.211111111
2438,77.68046806,6.844444444
2505,79.48401354,5.111111111
2519,80.71142644,5
2547,80.15049011,4.8
2584,70.02591841,6.077777778
2610,86.67044716,4.875
2625,81.39821977,6.755555556
2640,70.97162673,4.628571429
2819,76.15114884,5.45
2914,81.48973355,4.833333333
3037,58.71468269,6.155555556
3129,71.26661916,6.288888889
